data,ano,mes,ano_mes,centro_custo,descricao,tipo,tipo_custo,categoria,valor,ajuste
2024-02-01,2024,2,2024-02,CC500,Administrativo,Administrativo,DIRETO,MATERIA PRIMA,14739.93,False
2024-05-17,2024,5,2024-05,CC200,Produção Linha B,Produtivo,INDIRETO,ENERGIA,19927.67,False
2023-03-31,2023,3,2023-03,CC300,Manutenção,Produtivo,INDIRETO,ENERGIA,17983.71,False
2024-12-18,2024,12,2024-12,CC200,Produção Linha B,Produtivo,INDIRETO,MAO DE OBRA,17042.1,False
2024-05-20,2024,5,2024-05,CC100,Produção Linha A,Produtivo,DIRETO,ENERGIA,15862.11,False
2024-02-12,2024,2,2024-02,CC400,Logística,Produtivo,DIRETO,FRETE,17696.5,False
2024-04-05,2024,4,2024-04,CC400,Logística,Produtivo,DIRETO,ENERGIA,19450.36,False
2023-05-13,2023,5,2023-05,CC400,Logística,Produtivo,DIRETO,FRETE,12831.9,False
2024-12-27,2024,12,2024-12,CC200,Produção Linha B,Produtivo,DIRETO,MAO DE OBRA,3376.68,False
2023-10-09,2023,10,2023-10,CC200,Produção Linha B,Produtivo,DIRETO,MAO DE OBRA,4006.41,False
2024-11-05,2024,11,2024-11,CC500,Administrativo,Administrativo,DIRETO,FRETE,18837.98,False
2024-08-13,2024,8,2024-08,CC300,Manutenção,Produtivo,DIRETO,MATERIA PRIMA,1004.69,False
2024-10-19,2024,10,2024-10,CC300,Manutenção,Produtivo,DIRETO,MANUTENCAO,17791.04,False
2024-03-26,2024,3,2024-03,CC400,Logística,Produtivo,INDIRETO,MANUTENCAO,1552.16,False
2023-11-23,2023,11,2023-11,CC300,Manutenção,Produtivo,INDIRETO,FRETE,2959.01,False
2024-04-05,2024,4,2024-04,CC200,Produção Linha B,Produtivo,DIRETO,MAO DE OBRA,4910.58,False
2023-06-13,2023,6,2023-06,CC300,Manutenção,Produtivo,INDIRETO,MANUTENCAO,17296.86,False
2023-11-12,2023,11,2023-11,CC400,Logística,Produtivo,DIRETO,MANUTENCAO,19919.79,False
2023-02-21,2023,2,2023-02,CC300,Manutenção,Produtivo,INDIRETO,ENERGIA,4381.37,False
2024-01-10,2024,1,2024-01,CC400,Logística,Produtivo,DIRETO,MATERIA PRIMA,8675.46,False
2023-10-23,2023,10,2023-10,CC100,Produção Linha A,Produtivo,DIRETO,FRETE,11280.16,False
2023-04-10,2023,4,2023-04,CC400,Logística,Produtivo,INDIRETO,FRETE,13639.93,False
2023-02-11,2023,2,2023-02,CC100,Produção Linha A,Produtivo,DIRETO,ENERGIA,12089.01,False
2024-06-11,2024,6,2024-06,CC999,,,INDIRETO,FRETE,9194.07,False
2023-12-11,2023,12,2023-12,CC500,Administrativo,Administrativo,INDIRETO,FRETE,14812.46,False
2024-11-20,2024,11,2024-11,CC100,Produção Linha A,Produtivo,INDIRETO,MANUTENCAO,16333.4,False
2024-08-15,2024,8,2024-08,CC500,Administrativo,Administrativo,INDIRETO,MAO DE OBRA,19344.71,False
2024-01-25,2024,1,2024-01,CC200,Produção Linha B,Produtivo,DIRETO,FRETE,12617.6,False
2023-06-05,2023,6,2023-06,CC400,Logística,Produtivo,DIRETO,ENERGIA,476.85,False
2024-06-15,2024,6,2024-06,CC200,Produção Linha B,Produtivo,INDIRETO,SERVICOS TERCEIROS,14575.3,False
2024-06-29,2024,6,2024-06,CC999,,,INDIRETO,MAO DE OBRA,19138.04,False
2023-11-02,2023,11,2023-11,CC200,Produção Linha B,Produtivo,INDIRETO,ENERGIA,19151.01,False
2023-10-08,2023,10,2023-10,CC300,Manutenção,Produtivo,INDIRETO,MAO DE OBRA,9648.09,False
2023-10-25,2023,10,2023-10,CC100,Produção Linha A,Produtivo,INDIRETO,MAO DE OBRA,19096.72,False
2023-07-26,2023,7,2023-07,CC500,Administrativo,Administrativo,INDIRETO,SERVICOS TERCEIROS,5203.24,False
2023-02-21,2023,2,2023-02,CC500,Administrativo,Administrativo,DIRETO,FRETE,14843.73,False
2024-11-28,2024,11,2024-11,CC200,Produção Linha B,Produtivo,DIRETO,MANUTENCAO,6672.84,False
2023-10-22,2023,10,2023-10,CC300,Manutenção,Produtivo,INDIRETO,MANUTENCAO,13045.72,False
2023-02-08,2023,2,2023-02,CC200,Produção Linha B,Produtivo,DIRETO,FRETE,14799.86,False
2023-10-24,2023,10,2023-10,CC999,,,INDIRETO,MANUTENCAO,3807.6,False
2024-06-20,2024,6,2024-06,CC400,Logística,Produtivo,INDIRETO,MAO DE OBRA,9141.55,False
2024-04-14,2024,4,2024-04,CC300,Manutenção,Produtivo,INDIRETO,ENERGIA,16195.4,False
2023-06-29,2023,6,2023-06,CC500,Administrativo,Administrativo,INDIRETO,MAO DE OBRA,11398.85,False
2023-05-24,2023,5,2023-05,CC400,Logística,Produtivo,INDIRETO,MATERIA PRIMA,8076.58,False
2023-12-04,2023,12,2023-12,CC300,Manutenção,Produtivo,INDIRETO,MANUTENCAO,4786.87,False
2024-04-21,2024,4,2024-04,CC300,Manutenção,Produtivo,INDIRETO,SERVICOS TERCEIROS,4802.42,False
2024-09-21,2024,9,2024-09,CC200,Produção Linha B,Produtivo,DIRETO,SERVICOS TERCEIROS,18330.99,False
2024-03-01,2024,3,2024-03,CC500,Administrativo,Administrativo,DIRETO,MANUTENCAO,14979.92,False
2023-03-25,2023,3,2023-03,CC500,Administrativo,Administrativo,DIRETO,SERVICOS TERCEIROS,15119.32,False
2024-06-01,2024,6,2024-06,CC200,Produção Linha B,Produtivo,DIRETO,FRETE,2332.95,False
2024-11-27,2024,11,2024-11,CC200,Produção Linha B,Produtivo,DIRETO,MAO DE OBRA,17104.27,False
2024-04-12,2024,4,2024-04,CC500,Administrativo,Administrativo,INDIRETO,MATERIA PRIMA,9123.3,False
2023-08-12,2023,8,2023-08,CC500,Administrativo,Administrativo,DIRETO,MANUTENCAO,5163.7,True
2023-03-12,2023,3,2023-03,CC400,Logística,Produtivo,INDIRETO,SERVICOS TERCEIROS,1368.82,False
2024-10-23,2024,10,2024-10,CC400,Logística,Produtivo,DIRETO,ENERGIA,15339.97,False
2024-07-06,2024,7,2024-07,CC200,Produção Linha B,Produtivo,INDIRETO,MANUTENCAO,1696.97,False
2023-08-17,2023,8,2023-08,CC100,Produção Linha A,Produtivo,DIRETO,FRETE,7921.87,False
2024-04-16,2024,4,2024-04,CC300,Manutenção,Produtivo,INDIRETO,FRETE,7647.6,False
2023-01-17,2023,1,2023-01,CC200,Produção Linha B,Produtivo,DIRETO,MATERIA PRIMA,16208.62,False
2023-02-19,2023,2,2023-02,CC200,Produção Linha B,Produtivo,DIRETO,MANUTENCAO,11995.92,False
2023-02-27,2023,2,2023-02,CC200,Produção Linha B,Produtivo,INDIRETO,ENERGIA,10841.22,False
2023-11-25,2023,11,2023-11,CC200,Produção Linha B,Produtivo,INDIRETO,FRETE,11998.56,False
2024-08-28,2024,8,2024-08,CC200,Produção Linha B,Produtivo,INDIRETO,MAO DE OBRA,5575.56,False
2024-06-21,2024,6,2024-06,CC999,,,DIRETO,MAO DE OBRA,18837.57,False
2024-04-29,2024,4,2024-04,CC200,Produção Linha B,Produtivo,DIRETO,MAO DE OBRA,7591.56,False
2024-07-24,2024,7,2024-07,CC999,,,INDIRETO,MATERIA PRIMA,11291.48,False
2024-04-05,2024,4,2024-04,CC999,,,INDIRETO,ENERGIA,6672.23,False
2023-02-10,2023,2,2023-02,CC999,,,DIRETO,MAO DE OBRA,7605.64,False
2023-08-05,2023,8,2023-08,CC200,Produção Linha B,Produtivo,DIRETO,MAO DE OBRA,6133.44,False
2023-09-03,2023,9,2023-09,CC500,Administrativo,Administrativo,DIRETO,SERVICOS TERCEIROS,12127.59,False
2024-01-04,2024,1,2024-01,CC500,Administrativo,Administrativo,INDIRETO,FRETE,13009.55,False
2024-02-28,2024,2,2024-02,CC100,Produção Linha A,Produtivo,INDIRETO,MAO DE OBRA,18295.18,False
2024-03-03,2024,3,2024-03,CC300,Manutenção,Produtivo,DIRETO,MAO DE OBRA,11110.9,False
2024-07-17,2024,7,2024-07,CC300,Manutenção,Produtivo,DIRETO,MANUTENCAO,11438.81,False
2023-05-24,2023,5,2023-05,CC500,Administrativo,Administrativo,INDIRETO,ENERGIA,14682.17,False
2023-01-07,2023,1,2023-01,CC400,Logística,Produtivo,DIRETO,MATERIA PRIMA,18909.24,False
2023-03-03,2023,3,2023-03,CC500,Administrativo,Administrativo,DIRETO,MATERIA PRIMA,4452.52,False
2023-01-18,2023,1,2023-01,CC500,Administrativo,Administrativo,DIRETO,MATERIA PRIMA,10691.03,False
2023-07-03,2023,7,2023-07,CC999,,,DIRETO,FRETE,16281.83,False
2023-12-29,2023,12,2023-12,CC300,Manutenção,Produtivo,DIRETO,ENERGIA,12433.64,False
2023-08-20,2023,8,2023-08,CC300,Manutenção,Produtivo,INDIRETO,MANUTENCAO,11343.54,False
2023-02-27,2023,2,2023-02,CC100,Produção Linha A,Produtivo,DIRETO,MANUTENCAO,7647.35,False
2023-04-08,2023,4,2023-04,CC500,Administrativo,Administrativo,INDIRETO,MANUTENCAO,12933.65,False
2023-10-15,2023,10,2023-10,CC500,Administrativo,Administrativo,INDIRETO,MAO DE OBRA,1026.58,False
2024-12-30,2024,12,2024-12,CC400,Logística,Produtivo,INDIRETO,MATERIA PRIMA,19233.24,False
2024-07-07,2024,7,2024-07,CC300,Manutenção,Produtivo,DIRETO,FRETE,16709.55,False
2023-03-19,2023,3,2023-03,CC300,Manutenção,Produtivo,INDIRETO,MATERIA PRIMA,2043.95,False
2024-05-17,2024,5,2024-05,CC200,Produção Linha B,Produtivo,DIRETO,SERVICOS TERCEIROS,5539.21,False
2024-09-25,2024,9,2024-09,CC300,Manutenção,Produtivo,DIRETO,SERVICOS TERCEIROS,11758.91,False
2023-06-07,2023,6,2023-06,CC400,Logística,Produtivo,INDIRETO,ENERGIA,7662.0,False
2023-10-04,2023,10,2023-10,CC100,Produção Linha A,Produtivo,DIRETO,MATERIA PRIMA,18864.91,False
2023-04-16,2023,4,2023-04,CC100,Produção Linha A,Produtivo,INDIRETO,MANUTENCAO,11184.0,False
2023-03-28,2023,3,2023-03,CC500,Administrativo,Administrativo,INDIRETO,MANUTENCAO,345.58,False
2024-05-19,2024,5,2024-05,CC200,Produção Linha B,Produtivo,INDIRETO,ENERGIA,2862.92,False
2024-01-05,2024,1,2024-01,CC300,Manutenção,Produtivo,INDIRETO,MANUTENCAO,6065.07,False
2024-02-10,2024,2,2024-02,CC300,Manutenção,Produtivo,INDIRETO,MATERIA PRIMA,2796.24,True
2024-10-28,2024,10,2024-10,CC500,Administrativo,Administrativo,INDIRETO,MAO DE OBRA,8669.26,False
2023-11-23,2023,11,2023-11,CC300,Manutenção,Produtivo,DIRETO,MANUTENCAO,6352.25,False
2024-01-09,2024,1,2024-01,CC100,Produção Linha A,Produtivo,INDIRETO,MANUTENCAO,5677.97,False
2024-03-24,2024,3,2024-03,CC300,Manutenção,Produtivo,DIRETO,SERVICOS TERCEIROS,9286.28,False
2024-11-05,2024,11,2024-11,CC200,Produção Linha B,Produtivo,INDIRETO,ENERGIA,12703.39,False
2024-02-15,2024,2,2024-02,CC500,Administrativo,Administrativo,DIRETO,MANUTENCAO,19814.94,False
2024-10-15,2024,10,2024-10,CC100,Produção Linha A,Produtivo,INDIRETO,SERVICOS TERCEIROS,17920.48,False
2024-10-22,2024,10,2024-10,CC400,Logística,Produtivo,DIRETO,SERVICOS TERCEIROS,12292.29,False
2024-06-15,2024,6,2024-06,CC500,Administrativo,Administrativo,DIRETO,MATERIA PRIMA,5248.89,False
2024-12-08,2024,12,2024-12,CC500,Administrativo,Administrativo,INDIRETO,MANUTENCAO,9314.96,False
2023-03-29,2023,3,2023-03,CC100,Produção Linha A,Produtivo,INDIRETO,MATERIA PRIMA,5979.1,False
2024-05-09,2024,5,2024-05,CC300,Manutenção,Produtivo,INDIRETO,MAO DE OBRA,9161.12,False
2024-12-28,2024,12,2024-12,CC100,Produção Linha A,Produtivo,INDIRETO,MAO DE OBRA,1436.77,False
2023-06-13,2023,6,2023-06,CC300,Manutenção,Produtivo,DIRETO,SERVICOS TERCEIROS,4953.87,False
2024-11-04,2024,11,2024-11,CC400,Logística,Produtivo,DIRETO,MANUTENCAO,12632.23,False
2023-08-08,2023,8,2023-08,CC200,Produção Linha B,Produtivo,INDIRETO,FRETE,8648.1,True
2023-09-26,2023,9,2023-09,CC400,Logística,Produtivo,DIRETO,MAO DE OBRA,6587.1,False
2024-04-13,2024,4,2024-04,CC500,Administrativo,Administrativo,INDIRETO,FRETE,2373.22,False
2023-07-07,2023,7,2023-07,CC300,Manutenção,Produtivo,DIRETO,MAO DE OBRA,2445.45,False
2023-07-10,2023,7,2023-07,CC400,Logística,Produtivo,INDIRETO,FRETE,2843.56,False
2024-04-06,2024,4,2024-04,CC500,Administrativo,Administrativo,DIRETO,MANUTENCAO,5847.81,False
2024-07-29,2024,7,2024-07,CC500,Administrativo,Administrativo,INDIRETO,ENERGIA,3983.06,False
2023-06-21,2023,6,2023-06,CC100,Produção Linha A,Produtivo,INDIRETO,MANUTENCAO,14231.83,False
2023-06-22,2023,6,2023-06,CC400,Logística,Produtivo,INDIRETO,MATERIA PRIMA,5569.57,False
2024-01-11,2024,1,2024-01,CC500,Administrativo,Administrativo,DIRETO,MAO DE OBRA,15524.75,False
2023-09-11,2023,9,2023-09,CC300,Manutenção,Produtivo,INDIRETO,MATERIA PRIMA,14746.18,False
2023-08-31,2023,8,2023-08,CC200,Produção Linha B,Produtivo,INDIRETO,MATERIA PRIMA,8837.49,False
2023-07-31,2023,7,2023-07,CC100,Produção Linha A,Produtivo,DIRETO,FRETE,2870.78,False
2024-08-09,2024,8,2024-08,CC300,Manutenção,Produtivo,DIRETO,MAO DE OBRA,19582.1,False
2023-05-10,2023,5,2023-05,CC200,Produção Linha B,Produtivo,INDIRETO,MATERIA PRIMA,19850.48,False
2024-10-09,2024,10,2024-10,CC300,Manutenção,Produtivo,DIRETO,SERVICOS TERCEIROS,7914.74,False
2023-04-06,2023,4,2023-04,CC400,Logística,Produtivo,INDIRETO,MATERIA PRIMA,12709.19,False
2023-04-06,2023,4,2023-04,CC400,Logística,Produtivo,INDIRETO,MANUTENCAO,6613.06,True
2024-05-21,2024,5,2024-05,CC300,Manutenção,Produtivo,INDIRETO,ENERGIA,19365.76,False
2024-11-29,2024,11,2024-11,CC100,Produção Linha A,Produtivo,DIRETO,FRETE,17063.21,False
2024-04-12,2024,4,2024-04,CC100,Produção Linha A,Produtivo,DIRETO,MATERIA PRIMA,18595.71,False
2023-04-06,2023,4,2023-04,CC300,Manutenção,Produtivo,INDIRETO,ENERGIA,17501.03,False
2024-12-17,2024,12,2024-12,CC200,Produção Linha B,Produtivo,DIRETO,MATERIA PRIMA,7987.2,False
2023-08-20,2023,8,2023-08,CC500,Administrativo,Administrativo,DIRETO,ENERGIA,9588.45,False
2024-03-08,2024,3,2024-03,CC200,Produção Linha B,Produtivo,DIRETO,SERVICOS TERCEIROS,6937.13,False
2023-11-17,2023,11,2023-11,CC300,Manutenção,Produtivo,INDIRETO,MATERIA PRIMA,14642.19,False
2024-06-27,2024,6,2024-06,CC500,Administrativo,Administrativo,DIRETO,SERVICOS TERCEIROS,19859.51,False
2024-02-26,2024,2,2024-02,CC500,Administrativo,Administrativo,INDIRETO,SERVICOS TERCEIROS,4339.8,False
2024-01-29,2024,1,2024-01,CC300,Manutenção,Produtivo,DIRETO,MATERIA PRIMA,2886.26,False
2024-09-07,2024,9,2024-09,CC500,Administrativo,Administrativo,DIRETO,MAO DE OBRA,12927.95,False
2024-02-06,2024,2,2024-02,CC300,Manutenção,Produtivo,INDIRETO,ENERGIA,10403.21,False
2024-08-31,2024,8,2024-08,CC100,Produção Linha A,Produtivo,INDIRETO,MANUTENCAO,2343.6,False
2024-03-06,2024,3,2024-03,CC300,Manutenção,Produtivo,INDIRETO,ENERGIA,7798.08,False
2023-08-09,2023,8,2023-08,CC100,Produção Linha A,Produtivo,DIRETO,MATERIA PRIMA,11788.53,True
2024-07-03,2024,7,2024-07,CC500,Administrativo,Administrativo,INDIRETO,MANUTENCAO,14066.03,False
2023-06-09,2023,6,2023-06,CC500,Administrativo,Administrativo,DIRETO,MAO DE OBRA,1672.53,False
2023-09-02,2023,9,2023-09,CC100,Produção Linha A,Produtivo,INDIRETO,SERVICOS TERCEIROS,8805.97,False
2024-11-13,2024,11,2024-11,CC200,Produção Linha B,Produtivo,DIRETO,MANUTENCAO,12284.71,False
2024-06-13,2024,6,2024-06,CC300,Manutenção,Produtivo,DIRETO,ENERGIA,9978.62,False
2023-01-31,2023,1,2023-01,CC300,Manutenção,Produtivo,INDIRETO,SERVICOS TERCEIROS,17739.65,False
2024-05-23,2024,5,2024-05,CC400,Logística,Produtivo,INDIRETO,SERVICOS TERCEIROS,19503.51,False
2023-04-16,2023,4,2023-04,CC500,Administrativo,Administrativo,INDIRETO,FRETE,3420.94,False
2023-02-17,2023,2,2023-02,CC400,Logística,Produtivo,DIRETO,MATERIA PRIMA,17187.91,True
2024-11-02,2024,11,2024-11,CC400,Logística,Produtivo,DIRETO,MATERIA PRIMA,11102.01,False
2024-08-08,2024,8,2024-08,CC300,Manutenção,Produtivo,INDIRETO,SERVICOS TERCEIROS,6466.71,False
2024-02-15,2024,2,2024-02,CC100,Produção Linha A,Produtivo,DIRETO,ENERGIA,16106.33,False
2023-07-25,2023,7,2023-07,CC300,Manutenção,Produtivo,INDIRETO,MATERIA PRIMA,11106.52,True
2023-07-20,2023,7,2023-07,CC500,Administrativo,Administrativo,INDIRETO,MAO DE OBRA,11874.65,False
2024-12-11,2024,12,2024-12,CC100,Produção Linha A,Produtivo,INDIRETO,MATERIA PRIMA,4736.66,False
2024-03-05,2024,3,2024-03,CC400,Logística,Produtivo,INDIRETO,MATERIA PRIMA,4183.37,False
2024-06-16,2024,6,2024-06,CC400,Logística,Produtivo,DIRETO,MATERIA PRIMA,18433.36,False
2024-02-08,2024,2,2024-02,CC100,Produção Linha A,Produtivo,DIRETO,FRETE,2001.98,False
2024-02-07,2024,2,2024-02,CC300,Manutenção,Produtivo,DIRETO,ENERGIA,5904.35,False
2024-08-21,2024,8,2024-08,CC100,Produção Linha A,Produtivo,DIRETO,MATERIA PRIMA,18876.74,False
2024-01-02,2024,1,2024-01,CC200,Produção Linha B,Produtivo,INDIRETO,MANUTENCAO,6349.26,False
2023-11-08,2023,11,2023-11,CC500,Administrativo,Administrativo,INDIRETO,MATERIA PRIMA,1899.38,False
2024-02-10,2024,2,2024-02,CC500,Administrativo,Administrativo,DIRETO,MATERIA PRIMA,14252.03,False
2024-07-23,2024,7,2024-07,CC500,Administrativo,Administrativo,DIRETO,MATERIA PRIMA,19046.72,False
2023-08-16,2023,8,2023-08,CC200,Produção Linha B,Produtivo,DIRETO,ENERGIA,2516.92,False
2023-03-18,2023,3,2023-03,CC100,Produção Linha A,Produtivo,DIRETO,FRETE,11763.76,False
2023-12-06,2023,12,2023-12,CC100,Produção Linha A,Produtivo,DIRETO,MATERIA PRIMA,18111.05,False
2024-05-23,2024,5,2024-05,CC100,Produção Linha A,Produtivo,DIRETO,FRETE,8719.81,False
2024-04-01,2024,4,2024-04,CC200,Produção Linha B,Produtivo,INDIRETO,ENERGIA,18175.25,False
2023-03-31,2023,3,2023-03,CC300,Manutenção,Produtivo,INDIRETO,MANUTENCAO,17667.29,False
2024-10-07,2024,10,2024-10,CC500,Administrativo,Administrativo,DIRETO,SERVICOS TERCEIROS,17704.59,False
2024-08-02,2024,8,2024-08,CC500,Administrativo,Administrativo,INDIRETO,FRETE,15650.56,False
2023-10-15,2023,10,2023-10,CC100,Produção Linha A,Produtivo,DIRETO,MATERIA PRIMA,6445.66,False
2023-09-30,2023,9,2023-09,CC500,Administrativo,Administrativo,DIRETO,ENERGIA,2092.67,False
2023-06-27,2023,6,2023-06,CC200,Produção Linha B,Produtivo,INDIRETO,MAO DE OBRA,18710.6,False
2024-07-31,2024,7,2024-07,CC200,Produção Linha B,Produtivo,DIRETO,SERVICOS TERCEIROS,14041.16,False
2023-08-27,2023,8,2023-08,CC500,Administrativo,Administrativo,INDIRETO,ENERGIA,9859.68,False
2023-05-14,2023,5,2023-05,CC300,Manutenção,Produtivo,DIRETO,MAO DE OBRA,18366.13,False
2023-05-26,2023,5,2023-05,CC100,Produção Linha A,Produtivo,DIRETO,MATERIA PRIMA,3039.47,False
2023-04-14,2023,4,2023-04,CC300,Manutenção,Produtivo,INDIRETO,SERVICOS TERCEIROS,18844.27,False
2024-05-13,2024,5,2024-05,CC300,Manutenção,Produtivo,DIRETO,SERVICOS TERCEIROS,18979.0,False
2023-05-11,2023,5,2023-05,CC200,Produção Linha B,Produtivo,DIRETO,MANUTENCAO,6205.78,False
2024-09-18,2024,9,2024-09,CC200,Produção Linha B,Produtivo,DIRETO,ENERGIA,12087.53,False
2023-11-24,2023,11,2023-11,CC200,Produção Linha B,Produtivo,DIRETO,MAO DE OBRA,14932.33,False
2023-03-11,2023,3,2023-03,CC300,Manutenção,Produtivo,INDIRETO,MATERIA PRIMA,5377.73,False
2023-06-20,2023,6,2023-06,CC400,Logística,Produtivo,DIRETO,MANUTENCAO,8820.58,False
2024-08-14,2024,8,2024-08,CC200,Produção Linha B,Produtivo,INDIRETO,MATERIA PRIMA,16593.26,False
2023-04-18,2023,4,2023-04,CC100,Produção Linha A,Produtivo,DIRETO,MAO DE OBRA,499.55,False
2023-04-06,2023,4,2023-04,CC300,Manutenção,Produtivo,DIRETO,SERVICOS TERCEIROS,1592.55,False
2023-06-10,2023,6,2023-06,CC100,Produção Linha A,Produtivo,INDIRETO,SERVICOS TERCEIROS,3383.44,False
2024-07-07,2024,7,2024-07,CC300,Manutenção,Produtivo,DIRETO,MANUTENCAO,13974.21,False
2024-05-17,2024,5,2024-05,CC200,Produção Linha B,Produtivo,DIRETO,MATERIA PRIMA,1087.75,False
2024-09-06,2024,9,2024-09,CC400,Logística,Produtivo,INDIRETO,MATERIA PRIMA,5961.53,False
2024-04-29,2024,4,2024-04,CC100,Produção Linha A,Produtivo,DIRETO,ENERGIA,12799.99,False
2024-02-01,2024,2,2024-02,CC200,Produção Linha B,Produtivo,INDIRETO,SERVICOS TERCEIROS,5373.59,False
2023-09-27,2023,9,2023-09,CC200,Produção Linha B,Produtivo,DIRETO,MANUTENCAO,987.88,False
2024-02-28,2024,2,2024-02,CC500,Administrativo,Administrativo,DIRETO,MATERIA PRIMA,13396.01,False
2024-08-09,2024,8,2024-08,CC200,Produção Linha B,Produtivo,INDIRETO,FRETE,13772.65,False
2024-06-13,2024,6,2024-06,CC500,Administrativo,Administrativo,INDIRETO,SERVICOS TERCEIROS,791.1,False
2023-08-05,2023,8,2023-08,CC200,Produção Linha B,Produtivo,INDIRETO,ENERGIA,18986.32,False
2024-10-04,2024,10,2024-10,CC200,Produção Linha B,Produtivo,DIRETO,SERVICOS TERCEIROS,8764.33,False
2023-11-30,2023,11,2023-11,CC300,Manutenção,Produtivo,DIRETO,MATERIA PRIMA,7823.17,False
2024-08-25,2024,8,2024-08,CC500,Administrativo,Administrativo,INDIRETO,MATERIA PRIMA,8347.4,False
2023-09-28,2023,9,2023-09,CC400,Logística,Produtivo,INDIRETO,FRETE,17614.7,False
2024-09-15,2024,9,2024-09,CC400,Logística,Produtivo,DIRETO,ENERGIA,5580.74,False
2024-01-17,2024,1,2024-01,CC100,Produção Linha A,Produtivo,DIRETO,MATERIA PRIMA,14940.42,False
2023-08-22,2023,8,2023-08,CC200,Produção Linha B,Produtivo,INDIRETO,MANUTENCAO,17178.87,False
2023-07-12,2023,7,2023-07,CC400,Logística,Produtivo,INDIRETO,SERVICOS TERCEIROS,8393.78,False
2023-11-15,2023,11,2023-11,CC500,Administrativo,Administrativo,INDIRETO,MATERIA PRIMA,10353.87,False
2023-03-01,2023,3,2023-03,CC200,Produção Linha B,Produtivo,DIRETO,ENERGIA,17516.09,False
2024-04-20,2024,4,2024-04,CC999,,,INDIRETO,SERVICOS TERCEIROS,4062.28,False
2024-04-30,2024,4,2024-04,CC500,Administrativo,Administrativo,DIRETO,MAO DE OBRA,9826.86,False
2023-10-19,2023,10,2023-10,CC100,Produção Linha A,Produtivo,DIRETO,MAO DE OBRA,15004.33,False
2023-10-03,2023,10,2023-10,CC400,Logística,Produtivo,DIRETO,ENERGIA,12982.86,False
2023-01-09,2023,1,2023-01,CC200,Produção Linha B,Produtivo,INDIRETO,ENERGIA,12982.69,False
2023-08-12,2023,8,2023-08,CC400,Logística,Produtivo,INDIRETO,MANUTENCAO,17046.56,False
2024-01-19,2024,1,2024-01,CC500,Administrativo,Administrativo,DIRETO,MATERIA PRIMA,10279.12,False
2024-10-17,2024,10,2024-10,CC300,Manutenção,Produtivo,DIRETO,MANUTENCAO,1370.36,False
2023-02-28,2023,2,2023-02,CC500,Administrativo,Administrativo,DIRETO,ENERGIA,10394.14,False
2024-03-04,2024,3,2024-03,CC400,Logística,Produtivo,DIRETO,SERVICOS TERCEIROS,9997.72,False
2024-10-15,2024,10,2024-10,CC400,Logística,Produtivo,INDIRETO,SERVICOS TERCEIROS,14296.05,False
2023-04-10,2023,4,2023-04,CC400,Logística,Produtivo,DIRETO,SERVICOS TERCEIROS,17542.25,False
2023-11-11,2023,11,2023-11,CC400,Logística,Produtivo,INDIRETO,SERVICOS TERCEIROS,1877.07,False
2024-10-11,2024,10,2024-10,CC500,Administrativo,Administrativo,INDIRETO,MANUTENCAO,17039.16,False
2024-06-26,2024,6,2024-06,CC300,Manutenção,Produtivo,DIRETO,FRETE,2484.34,False
2024-04-13,2024,4,2024-04,CC200,Produção Linha B,Produtivo,DIRETO,ENERGIA,6919.13,False
2024-10-11,2024,10,2024-10,CC100,Produção Linha A,Produtivo,INDIRETO,MAO DE OBRA,12657.55,False
2023-04-01,2023,4,2023-04,CC200,Produção Linha B,Produtivo,DIRETO,ENERGIA,11567.95,False
2023-02-08,2023,2,2023-02,CC500,Administrativo,Administrativo,INDIRETO,MANUTENCAO,19310.02,False
2024-10-03,2024,10,2024-10,CC200,Produção Linha B,Produtivo,INDIRETO,FRETE,3892.48,False
2023-06-21,2023,6,2023-06,CC100,Produção Linha A,Produtivo,DIRETO,MATERIA PRIMA,7732.65,False
2024-03-20,2024,3,2024-03,CC200,Produção Linha B,Produtivo,INDIRETO,SERVICOS TERCEIROS,10453.74,False
2024-02-18,2024,2,2024-02,CC100,Produção Linha A,Produtivo,DIRETO,ENERGIA,18966.88,False
2023-05-07,2023,5,2023-05,CC300,Manutenção,Produtivo,DIRETO,SERVICOS TERCEIROS,536.07,False
2023-02-19,2023,2,2023-02,CC100,Produção Linha A,Produtivo,INDIRETO,FRETE,12500.38,False
2023-09-16,2023,9,2023-09,CC400,Logística,Produtivo,DIRETO,MANUTENCAO,8941.85,False
2024-06-16,2024,6,2024-06,CC300,Manutenção,Produtivo,DIRETO,MAO DE OBRA,8475.34,False
2023-04-27,2023,4,2023-04,CC100,Produção Linha A,Produtivo,DIRETO,FRETE,14403.45,False
2024-02-24,2024,2,2024-02,CC300,Manutenção,Produtivo,INDIRETO,FRETE,19465.08,False
2023-01-03,2023,1,2023-01,CC999,,,DIRETO,SERVICOS TERCEIROS,18669.17,False
2023-03-18,2023,3,2023-03,CC100,Produção Linha A,Produtivo,INDIRETO,ENERGIA,18993.98,False
2023-06-28,2023,6,2023-06,CC100,Produção Linha A,Produtivo,INDIRETO,MAO DE OBRA,9339.12,False
2023-02-16,2023,2,2023-02,CC100,Produção Linha A,Produtivo,INDIRETO,SERVICOS TERCEIROS,2406.43,False
2023-04-06,2023,4,2023-04,CC300,Manutenção,Produtivo,INDIRETO,MANUTENCAO,19106.27,False
2024-01-30,2024,1,2024-01,CC400,Logística,Produtivo,INDIRETO,MANUTENCAO,19249.97,False
2023-06-13,2023,6,2023-06,CC100,Produção Linha A,Produtivo,DIRETO,SERVICOS TERCEIROS,14555.58,False
2023-01-30,2023,1,2023-01,CC200,Produção Linha B,Produtivo,DIRETO,FRETE,7657.04,False
2023-11-18,2023,11,2023-11,CC100,Produção Linha A,Produtivo,INDIRETO,MANUTENCAO,1014.85,False
2023-04-08,2023,4,2023-04,CC400,Logística,Produtivo,INDIRETO,FRETE,10509.75,False
2024-07-25,2024,7,2024-07,CC500,Administrativo,Administrativo,INDIRETO,SERVICOS TERCEIROS,13558.28,False
2024-05-18,2024,5,2024-05,CC300,Manutenção,Produtivo,INDIRETO,MANUTENCAO,17401.37,False
2024-02-17,2024,2,2024-02,CC200,Produção Linha B,Produtivo,DIRETO,FRETE,4531.86,False
2023-05-02,2023,5,2023-05,CC400,Logística,Produtivo,INDIRETO,MATERIA PRIMA,17146.13,False
2023-04-04,2023,4,2023-04,CC500,Administrativo,Administrativo,INDIRETO,MANUTENCAO,813.06,False
2023-08-17,2023,8,2023-08,CC400,Logística,Produtivo,INDIRETO,MAO DE OBRA,7330.52,False
2023-01-03,2023,1,2023-01,CC999,,,INDIRETO,MATERIA PRIMA,2039.0,False
2024-02-24,2024,2,2024-02,CC100,Produção Linha A,Produtivo,DIRETO,MATERIA PRIMA,17947.85,False
2023-07-15,2023,7,2023-07,CC300,Manutenção,Produtivo,DIRETO,MANUTENCAO,4390.23,False
2024-05-31,2024,5,2024-05,CC200,Produção Linha B,Produtivo,DIRETO,MANUTENCAO,9202.02,False
2023-07-01,2023,7,2023-07,CC500,Administrativo,Administrativo,INDIRETO,FRETE,9710.35,False
2024-05-31,2024,5,2024-05,CC400,Logística,Produtivo,INDIRETO,SERVICOS TERCEIROS,12050.87,False
2023-05-17,2023,5,2023-05,CC200,Produção Linha B,Produtivo,INDIRETO,MAO DE OBRA,19412.78,False
2023-08-11,2023,8,2023-08,CC200,Produção Linha B,Produtivo,INDIRETO,SERVICOS TERCEIROS,14762.69,False
2024-05-30,2024,5,2024-05,CC500,Administrativo,Administrativo,DIRETO,SERVICOS TERCEIROS,13036.72,False
2024-11-14,2024,11,2024-11,CC400,Logística,Produtivo,INDIRETO,FRETE,9659.36,False
2023-05-29,2023,5,2023-05,CC100,Produção Linha A,Produtivo,INDIRETO,MATERIA PRIMA,10502.33,True
2023-05-30,2023,5,2023-05,CC100,Produção Linha A,Produtivo,INDIRETO,ENERGIA,19672.29,False
2024-11-22,2024,11,2024-11,CC500,Administrativo,Administrativo,DIRETO,MAO DE OBRA,16299.12,False
2024-02-01,2024,2,2024-02,CC400,Logística,Produtivo,INDIRETO,SERVICOS TERCEIROS,13323.42,False
2024-03-29,2024,3,2024-03,CC200,Produção Linha B,Produtivo,DIRETO,SERVICOS TERCEIROS,5101.69,False
2023-03-18,2023,3,2023-03,CC200,Produção Linha B,Produtivo,DIRETO,MAO DE OBRA,9031.42,False
2023-05-14,2023,5,2023-05,CC200,Produção Linha B,Produtivo,INDIRETO,MATERIA PRIMA,8627.31,False
2023-06-07,2023,6,2023-06,CC300,Manutenção,Produtivo,INDIRETO,MANUTENCAO,14222.82,False
2024-12-25,2024,12,2024-12,CC300,Manutenção,Produtivo,INDIRETO,FRETE,11048.19,False
2024-02-18,2024,2,2024-02,CC100,Produção Linha A,Produtivo,DIRETO,FRETE,3271.47,False
2024-09-25,2024,9,2024-09,CC500,Administrativo,Administrativo,INDIRETO,MAO DE OBRA,7279.88,False
2024-09-28,2024,9,2024-09,CC200,Produção Linha B,Produtivo,INDIRETO,MANUTENCAO,4882.92,False
2023-01-26,2023,1,2023-01,CC500,Administrativo,Administrativo,DIRETO,MANUTENCAO,5206.15,False
2023-11-25,2023,11,2023-11,CC500,Administrativo,Administrativo,INDIRETO,MATERIA PRIMA,5999.04,False
2023-08-07,2023,8,2023-08,CC400,Logística,Produtivo,DIRETO,SERVICOS TERCEIROS,1402.89,False
2023-12-06,2023,12,2023-12,CC100,Produção Linha A,Produtivo,DIRETO,SERVICOS TERCEIROS,13752.27,True
2023-08-22,2023,8,2023-08,CC999,,,DIRETO,MAO DE OBRA,11205.88,False
2023-05-02,2023,5,2023-05,CC500,Administrativo,Administrativo,INDIRETO,MANUTENCAO,6396.44,False
2024-12-03,2024,12,2024-12,CC300,Manutenção,Produtivo,DIRETO,MAO DE OBRA,18568.15,False
2024-04-30,2024,4,2024-04,CC200,Produção Linha B,Produtivo,INDIRETO,MANUTENCAO,7962.75,False
2023-11-02,2023,11,2023-11,CC300,Manutenção,Produtivo,INDIRETO,FRETE,5970.07,False
2024-07-14,2024,7,2024-07,CC100,Produção Linha A,Produtivo,DIRETO,MATERIA PRIMA,11497.1,False
2023-05-26,2023,5,2023-05,CC200,Produção Linha B,Produtivo,DIRETO,MANUTENCAO,18122.0,False
2023-02-25,2023,2,2023-02,CC500,Administrativo,Administrativo,DIRETO,MATERIA PRIMA,3709.02,False
2024-05-13,2024,5,2024-05,CC300,Manutenção,Produtivo,DIRETO,MAO DE OBRA,2054.23,False
2023-11-22,2023,11,2023-11,CC400,Logística,Produtivo,DIRETO,MAO DE OBRA,12428.36,False
2024-03-14,2024,3,2024-03,CC200,Produção Linha B,Produtivo,DIRETO,FRETE,11380.55,False
2024-01-04,2024,1,2024-01,CC200,Produção Linha B,Produtivo,DIRETO,SERVICOS TERCEIROS,14822.34,False
2024-07-18,2024,7,2024-07,CC100,Produção Linha A,Produtivo,INDIRETO,MANUTENCAO,7238.96,False
2024-10-03,2024,10,2024-10,CC100,Produção Linha A,Produtivo,DIRETO,FRETE,4009.0,False
2023-08-06,2023,8,2023-08,CC100,Produção Linha A,Produtivo,DIRETO,FRETE,11620.13,False
2024-08-26,2024,8,2024-08,CC300,Manutenção,Produtivo,DIRETO,MAO DE OBRA,7910.72,False
2024-09-20,2024,9,2024-09,CC200,Produção Linha B,Produtivo,INDIRETO,MAO DE OBRA,10093.13,False
2023-05-30,2023,5,2023-05,CC400,Logística,Produtivo,DIRETO,ENERGIA,11370.51,False
2023-02-13,2023,2,2023-02,CC200,Produção Linha B,Produtivo,INDIRETO,ENERGIA,1350.94,False
2024-10-26,2024,10,2024-10,CC300,Manutenção,Produtivo,INDIRETO,MANUTENCAO,17642.88,False
2024-10-31,2024,10,2024-10,CC400,Logística,Produtivo,INDIRETO,FRETE,10932.57,False
2023-12-20,2023,12,2023-12,CC400,Logística,Produtivo,INDIRETO,ENERGIA,10375.8,False
2023-10-15,2023,10,2023-10,CC200,Produção Linha B,Produtivo,INDIRETO,ENERGIA,4676.82,False
2023-08-24,2023,8,2023-08,CC400,Logística,Produtivo,INDIRETO,FRETE,14374.32,False
2024-02-25,2024,2,2024-02,CC100,Produção Linha A,Produtivo,INDIRETO,MANUTENCAO,4293.01,False
2024-08-09,2024,8,2024-08,CC200,Produção Linha B,Produtivo,DIRETO,ENERGIA,12627.85,False
2024-07-31,2024,7,2024-07,CC100,Produção Linha A,Produtivo,DIRETO,FRETE,19168.94,False
2024-05-08,2024,5,2024-05,CC200,Produção Linha B,Produtivo,DIRETO,MANUTENCAO,12169.87,False
2024-12-03,2024,12,2024-12,CC300,Manutenção,Produtivo,DIRETO,FRETE,13227.01,False
2024-06-19,2024,6,2024-06,CC500,Administrativo,Administrativo,INDIRETO,MANUTENCAO,2731.04,True
2023-02-09,2023,2,2023-02,CC500,Administrativo,Administrativo,DIRETO,ENERGIA,9569.8,False
2023-01-02,2023,1,2023-01,CC400,Logística,Produtivo,INDIRETO,SERVICOS TERCEIROS,2693.54,False
2024-05-08,2024,5,2024-05,CC400,Logística,Produtivo,DIRETO,SERVICOS TERCEIROS,10643.35,False
2023-03-27,2023,3,2023-03,CC300,Manutenção,Produtivo,DIRETO,MAO DE OBRA,9595.11,False
2023-01-08,2023,1,2023-01,CC500,Administrativo,Administrativo,INDIRETO,ENERGIA,208.84,False
2024-02-23,2024,2,2024-02,CC300,Manutenção,Produtivo,INDIRETO,SERVICOS TERCEIROS,4187.83,False
2024-01-10,2024,1,2024-01,CC500,Administrativo,Administrativo,INDIRETO,MAO DE OBRA,17114.04,False
2024-01-15,2024,1,2024-01,CC500,Administrativo,Administrativo,INDIRETO,FRETE,15697.39,False
2023-05-22,2023,5,2023-05,CC100,Produção Linha A,Produtivo,INDIRETO,FRETE,6952.69,False
2023-12-13,2023,12,2023-12,CC500,Administrativo,Administrativo,DIRETO,MATERIA PRIMA,4367.72,False
2023-05-29,2023,5,2023-05,CC400,Logística,Produtivo,INDIRETO,SERVICOS TERCEIROS,205.28,False
2023-02-08,2023,2,2023-02,CC999,,,DIRETO,MAO DE OBRA,4513.23,False
2023-07-26,2023,7,2023-07,CC500,Administrativo,Administrativo,DIRETO,ENERGIA,12841.8,False
2023-09-02,2023,9,2023-09,CC100,Produção Linha A,Produtivo,DIRETO,FRETE,3472.71,False
2023-07-25,2023,7,2023-07,CC500,Administrativo,Administrativo,INDIRETO,MAO DE OBRA,13426.27,False
2023-12-23,2023,12,2023-12,CC300,Manutenção,Produtivo,INDIRETO,SERVICOS TERCEIROS,16612.32,False
2024-02-21,2024,2,2024-02,CC500,Administrativo,Administrativo,INDIRETO,MANUTENCAO,11540.64,False
2024-07-04,2024,7,2024-07,CC500,Administrativo,Administrativo,INDIRETO,MATERIA PRIMA,16078.55,False
2024-04-14,2024,4,2024-04,CC400,Logística,Produtivo,INDIRETO,ENERGIA,15173.72,False
2023-08-14,2023,8,2023-08,CC200,Produção Linha B,Produtivo,DIRETO,MAO DE OBRA,1444.33,False
2023-04-06,2023,4,2023-04,CC400,Logística,Produtivo,DIRETO,SERVICOS TERCEIROS,16660.32,False
2024-08-10,2024,8,2024-08,CC300,Manutenção,Produtivo,DIRETO,MANUTENCAO,6346.07,False
2023-07-31,2023,7,2023-07,CC200,Produção Linha B,Produtivo,DIRETO,ENERGIA,14735.04,False
2024-11-10,2024,11,2024-11,CC400,Logística,Produtivo,DIRETO,MATERIA PRIMA,2485.58,False
2024-08-11,2024,8,2024-08,CC300,Manutenção,Produtivo,INDIRETO,MAO DE OBRA,12451.28,False
2024-06-22,2024,6,2024-06,CC400,Logística,Produtivo,INDIRETO,ENERGIA,15028.37,False
2024-04-13,2024,4,2024-04,CC100,Produção Linha A,Produtivo,INDIRETO,MANUTENCAO,17221.96,False
2024-01-24,2024,1,2024-01,CC500,Administrativo,Administrativo,INDIRETO,SERVICOS TERCEIROS,267.53,False
2024-04-27,2024,4,2024-04,CC500,Administrativo,Administrativo,INDIRETO,ENERGIA,11016.41,False
2024-01-17,2024,1,2024-01,CC300,Manutenção,Produtivo,INDIRETO,MANUTENCAO,4289.6,False
2023-08-23,2023,8,2023-08,CC999,,,DIRETO,FRETE,2709.67,False
2023-06-03,2023,6,2023-06,CC400,Logística,Produtivo,INDIRETO,MANUTENCAO,4001.66,False
2024-06-13,2024,6,2024-06,CC500,Administrativo,Administrativo,INDIRETO,ENERGIA,19911.68,False
2024-02-12,2024,2,2024-02,CC100,Produção Linha A,Produtivo,INDIRETO,MAO DE OBRA,11286.56,False
2024-04-05,2024,4,2024-04,CC300,Manutenção,Produtivo,DIRETO,MAO DE OBRA,9583.13,False
2024-11-26,2024,11,2024-11,CC500,Administrativo,Administrativo,INDIRETO,MAO DE OBRA,494.72,False
2024-04-02,2024,4,2024-04,CC100,Produção Linha A,Produtivo,INDIRETO,MAO DE OBRA,6569.3,False
2024-03-07,2024,3,2024-03,CC500,Administrativo,Administrativo,DIRETO,ENERGIA,12847.55,False
2024-10-30,2024,10,2024-10,CC300,Manutenção,Produtivo,DIRETO,ENERGIA,6938.15,False
2024-08-24,2024,8,2024-08,CC500,Administrativo,Administrativo,INDIRETO,MANUTENCAO,15641.38,False
2023-09-15,2023,9,2023-09,CC100,Produção Linha A,Produtivo,DIRETO,MATERIA PRIMA,2588.29,False
2024-07-15,2024,7,2024-07,CC100,Produção Linha A,Produtivo,DIRETO,MATERIA PRIMA,1369.47,False
2024-02-04,2024,2,2024-02,CC300,Manutenção,Produtivo,DIRETO,MAO DE OBRA,12400.23,False
2023-06-24,2023,6,2023-06,CC100,Produção Linha A,Produtivo,INDIRETO,SERVICOS TERCEIROS,2615.59,False
2023-10-06,2023,10,2023-10,CC999,,,INDIRETO,MANUTENCAO,19502.13,False
2024-03-21,2024,3,2024-03,CC500,Administrativo,Administrativo,INDIRETO,SERVICOS TERCEIROS,15003.34,False
2024-03-28,2024,3,2024-03,CC300,Manutenção,Produtivo,INDIRETO,MANUTENCAO,10839.4,False
2023-05-20,2023,5,2023-05,CC300,Manutenção,Produtivo,DIRETO,MAO DE OBRA,310.06,False
2023-10-27,2023,10,2023-10,CC500,Administrativo,Administrativo,INDIRETO,MANUTENCAO,6062.25,False
2023-09-13,2023,9,2023-09,CC200,Produção Linha B,Produtivo,DIRETO,MANUTENCAO,17655.03,False
2024-06-13,2024,6,2024-06,CC500,Administrativo,Administrativo,DIRETO,MAO DE OBRA,1676.27,False
2023-05-20,2023,5,2023-05,CC300,Manutenção,Produtivo,INDIRETO,MANUTENCAO,3841.21,False
2023-01-20,2023,1,2023-01,CC200,Produção Linha B,Produtivo,INDIRETO,SERVICOS TERCEIROS,12492.8,False
2024-03-24,2024,3,2024-03,CC100,Produção Linha A,Produtivo,DIRETO,MATERIA PRIMA,5714.08,False
2024-05-25,2024,5,2024-05,CC300,Manutenção,Produtivo,DIRETO,MANUTENCAO,4422.04,False
2023-03-15,2023,3,2023-03,CC500,Administrativo,Administrativo,DIRETO,ENERGIA,1215.16,False
2023-09-12,2023,9,2023-09,CC400,Logística,Produtivo,INDIRETO,MANUTENCAO,16582.22,False
2024-11-12,2024,11,2024-11,CC200,Produção Linha B,Produtivo,DIRETO,MANUTENCAO,14732.92,False
2024-07-16,2024,7,2024-07,CC500,Administrativo,Administrativo,INDIRETO,ENERGIA,12620.37,False
2024-11-13,2024,11,2024-11,CC200,Produção Linha B,Produtivo,INDIRETO,ENERGIA,7272.49,False
2023-05-03,2023,5,2023-05,CC400,Logística,Produtivo,INDIRETO,MATERIA PRIMA,3430.47,False
2023-04-02,2023,4,2023-04,CC999,,,INDIRETO,SERVICOS TERCEIROS,11964.62,False
2023-06-07,2023,6,2023-06,CC500,Administrativo,Administrativo,INDIRETO,SERVICOS TERCEIROS,1295.04,False
2023-12-22,2023,12,2023-12,CC400,Logística,Produtivo,DIRETO,MAO DE OBRA,19635.35,False
2023-02-10,2023,2,2023-02,CC400,Logística,Produtivo,INDIRETO,MAO DE OBRA,14515.54,False
2023-11-28,2023,11,2023-11,CC400,Logística,Produtivo,INDIRETO,ENERGIA,11377.36,False
2024-01-11,2024,1,2024-01,CC400,Logística,Produtivo,DIRETO,MANUTENCAO,5983.89,False
2024-09-27,2024,9,2024-09,CC999,,,DIRETO,MATERIA PRIMA,12432.72,False
2023-06-07,2023,6,2023-06,CC500,Administrativo,Administrativo,DIRETO,FRETE,13696.16,False
2023-02-14,2023,2,2023-02,CC200,Produção Linha B,Produtivo,INDIRETO,MATERIA PRIMA,2015.5,False
2024-10-19,2024,10,2024-10,CC400,Logística,Produtivo,DIRETO,MANUTENCAO,3913.17,False
2023-01-14,2023,1,2023-01,CC200,Produção Linha B,Produtivo,DIRETO,MAO DE OBRA,4492.38,False
2024-03-01,2024,3,2024-03,CC300,Manutenção,Produtivo,INDIRETO,SERVICOS TERCEIROS,1307.93,False
2023-08-10,2023,8,2023-08,CC500,Administrativo,Administrativo,DIRETO,SERVICOS TERCEIROS,1500.72,False
2024-08-06,2024,8,2024-08,CC200,Produção Linha B,Produtivo,INDIRETO,ENERGIA,3943.08,False
2023-04-17,2023,4,2023-04,CC200,Produção Linha B,Produtivo,INDIRETO,SERVICOS TERCEIROS,9228.54,False
2023-12-27,2023,12,2023-12,CC300,Manutenção,Produtivo,DIRETO,FRETE,19968.83,False
2024-09-15,2024,9,2024-09,CC200,Produção Linha B,Produtivo,INDIRETO,SERVICOS TERCEIROS,8668.7,False
2024-04-08,2024,4,2024-04,CC400,Logística,Produtivo,INDIRETO,FRETE,18530.32,False
2023-11-06,2023,11,2023-11,CC999,,,INDIRETO,FRETE,424.42,False
2023-10-10,2023,10,2023-10,CC500,Administrativo,Administrativo,INDIRETO,MATERIA PRIMA,15453.31,False
2024-01-11,2024,1,2024-01,CC500,Administrativo,Administrativo,DIRETO,MANUTENCAO,7177.55,False
2023-08-11,2023,8,2023-08,CC999,,,INDIRETO,MATERIA PRIMA,11452.69,False
2024-08-13,2024,8,2024-08,CC100,Produção Linha A,Produtivo,DIRETO,MANUTENCAO,16531.53,False
2023-12-09,2023,12,2023-12,CC300,Manutenção,Produtivo,INDIRETO,MATERIA PRIMA,15624.43,False
2023-01-12,2023,1,2023-01,CC400,Logística,Produtivo,DIRETO,SERVICOS TERCEIROS,13090.31,False
2024-12-15,2024,12,2024-12,CC200,Produção Linha B,Produtivo,INDIRETO,FRETE,11341.77,False
2024-03-18,2024,3,2024-03,CC300,Manutenção,Produtivo,INDIRETO,FRETE,11547.57,False
2024-07-15,2024,7,2024-07,CC400,Logística,Produtivo,INDIRETO,MATERIA PRIMA,9569.51,False
2024-07-26,2024,7,2024-07,CC200,Produção Linha B,Produtivo,INDIRETO,SERVICOS TERCEIROS,2694.47,False
2023-11-28,2023,11,2023-11,CC500,Administrativo,Administrativo,DIRETO,ENERGIA,1525.72,False
2024-08-31,2024,8,2024-08,CC100,Produção Linha A,Produtivo,INDIRETO,MAO DE OBRA,7031.33,False
2023-08-28,2023,8,2023-08,CC200,Produção Linha B,Produtivo,INDIRETO,FRETE,3001.79,False
2024-09-27,2024,9,2024-09,CC200,Produção Linha B,Produtivo,DIRETO,MATERIA PRIMA,14817.67,False
2023-08-03,2023,8,2023-08,CC500,Administrativo,Administrativo,DIRETO,MAO DE OBRA,9056.23,True
2024-12-16,2024,12,2024-12,CC100,Produção Linha A,Produtivo,INDIRETO,FRETE,14625.48,False
2024-12-14,2024,12,2024-12,CC500,Administrativo,Administrativo,INDIRETO,ENERGIA,1296.19,False
2024-11-06,2024,11,2024-11,CC300,Manutenção,Produtivo,DIRETO,MATERIA PRIMA,7834.04,False
2024-12-27,2024,12,2024-12,CC100,Produção Linha A,Produtivo,INDIRETO,ENERGIA,19597.88,False
2024-12-30,2024,12,2024-12,CC100,Produção Linha A,Produtivo,DIRETO,ENERGIA,10062.95,False
2023-12-22,2023,12,2023-12,CC300,Manutenção,Produtivo,INDIRETO,MANUTENCAO,7928.66,False
2023-01-31,2023,1,2023-01,CC500,Administrativo,Administrativo,INDIRETO,MATERIA PRIMA,12553.27,False
2024-01-27,2024,1,2024-01,CC500,Administrativo,Administrativo,INDIRETO,MANUTENCAO,13172.94,False
2024-09-11,2024,9,2024-09,CC300,Manutenção,Produtivo,DIRETO,FRETE,3139.71,False
2023-07-27,2023,7,2023-07,CC200,Produção Linha B,Produtivo,DIRETO,SERVICOS TERCEIROS,2857.67,False
2023-06-11,2023,6,2023-06,CC300,Manutenção,Produtivo,INDIRETO,ENERGIA,13159.01,False
2023-01-31,2023,1,2023-01,CC300,Manutenção,Produtivo,DIRETO,MAO DE OBRA,16806.5,False
2023-10-08,2023,10,2023-10,CC200,Produção Linha B,Produtivo,INDIRETO,SERVICOS TERCEIROS,18681.99,False
2023-10-01,2023,10,2023-10,CC500,Administrativo,Administrativo,DIRETO,MATERIA PRIMA,15272.7,False
2024-05-03,2024,5,2024-05,CC200,Produção Linha B,Produtivo,DIRETO,SERVICOS TERCEIROS,619.08,False
2023-07-17,2023,7,2023-07,CC200,Produção Linha B,Produtivo,DIRETO,MANUTENCAO,9879.77,False
2023-07-27,2023,7,2023-07,CC200,Produção Linha B,Produtivo,INDIRETO,MANUTENCAO,4528.83,False
2023-09-10,2023,9,2023-09,CC400,Logística,Produtivo,INDIRETO,SERVICOS TERCEIROS,6565.42,False
2024-08-31,2024,8,2024-08,CC500,Administrativo,Administrativo,INDIRETO,MANUTENCAO,12268.95,False
2023-09-09,2023,9,2023-09,CC500,Administrativo,Administrativo,INDIRETO,MANUTENCAO,16557.5,False
2023-07-14,2023,7,2023-07,CC300,Manutenção,Produtivo,INDIRETO,FRETE,15326.68,False
2023-02-25,2023,2,2023-02,CC500,Administrativo,Administrativo,INDIRETO,MANUTENCAO,3413.08,False
2024-08-22,2024,8,2024-08,CC500,Administrativo,Administrativo,DIRETO,SERVICOS TERCEIROS,10063.09,False
2024-12-30,2024,12,2024-12,CC200,Produção Linha B,Produtivo,INDIRETO,MANUTENCAO,595.75,False
2023-06-17,2023,6,2023-06,CC100,Produção Linha A,Produtivo,INDIRETO,SERVICOS TERCEIROS,13006.67,False
2024-06-07,2024,6,2024-06,CC500,Administrativo,Administrativo,INDIRETO,MATERIA PRIMA,10523.96,False
2024-11-06,2024,11,2024-11,CC200,Produção Linha B,Produtivo,DIRETO,ENERGIA,18253.83,False
2024-04-01,2024,4,2024-04,CC300,Manutenção,Produtivo,DIRETO,MANUTENCAO,6230.44,False
2023-01-13,2023,1,2023-01,CC400,Logística,Produtivo,DIRETO,ENERGIA,170.3,False
2024-04-09,2024,4,2024-04,CC400,Logística,Produtivo,INDIRETO,ENERGIA,4415.79,False
2023-08-01,2023,8,2023-08,CC100,Produção Linha A,Produtivo,DIRETO,FRETE,5634.45,False
2024-08-14,2024,8,2024-08,CC500,Administrativo,Administrativo,INDIRETO,MATERIA PRIMA,2992.95,False
2024-11-19,2024,11,2024-11,CC300,Manutenção,Produtivo,DIRETO,MATERIA PRIMA,8397.44,False
2024-01-13,2024,1,2024-01,CC400,Logística,Produtivo,INDIRETO,MATERIA PRIMA,1953.21,False
2023-10-09,2023,10,2023-10,CC300,Manutenção,Produtivo,INDIRETO,MANUTENCAO,2777.46,False
2024-10-06,2024,10,2024-10,CC500,Administrativo,Administrativo,DIRETO,FRETE,1257.87,False
2024-08-11,2024,8,2024-08,CC500,Administrativo,Administrativo,INDIRETO,FRETE,16971.18,False
2023-08-27,2023,8,2023-08,CC300,Manutenção,Produtivo,INDIRETO,MANUTENCAO,16178.81,False
2023-08-01,2023,8,2023-08,CC500,Administrativo,Administrativo,DIRETO,MANUTENCAO,12546.67,False
2023-01-12,2023,1,2023-01,CC200,Produção Linha B,Produtivo,INDIRETO,MAO DE OBRA,11252.27,False
2023-01-07,2023,1,2023-01,CC100,Produção Linha A,Produtivo,DIRETO,MAO DE OBRA,6075.65,False
2023-06-29,2023,6,2023-06,CC200,Produção Linha B,Produtivo,INDIRETO,SERVICOS TERCEIROS,11421.54,False
2024-10-04,2024,10,2024-10,CC400,Logística,Produtivo,INDIRETO,MATERIA PRIMA,12948.48,False
2024-08-01,2024,8,2024-08,CC300,Manutenção,Produtivo,INDIRETO,SERVICOS TERCEIROS,1214.84,False
2023-12-29,2023,12,2023-12,CC100,Produção Linha A,Produtivo,DIRETO,FRETE,13741.32,False
2024-08-07,2024,8,2024-08,CC999,,,INDIRETO,MANUTENCAO,12567.57,False
2023-10-06,2023,10,2023-10,CC400,Logística,Produtivo,INDIRETO,SERVICOS TERCEIROS,17170.61,False
2024-06-21,2024,6,2024-06,CC300,Manutenção,Produtivo,INDIRETO,MANUTENCAO,16606.2,False
2023-01-26,2023,1,2023-01,CC400,Logística,Produtivo,DIRETO,ENERGIA,18275.74,False
2023-12-02,2023,12,2023-12,CC200,Produção Linha B,Produtivo,INDIRETO,MANUTENCAO,14675.58,False
2024-06-18,2024,6,2024-06,CC100,Produção Linha A,Produtivo,DIRETO,SERVICOS TERCEIROS,827.4,False
2024-06-17,2024,6,2024-06,CC300,Manutenção,Produtivo,DIRETO,MAO DE OBRA,9390.83,False
2023-11-23,2023,11,2023-11,CC400,Logística,Produtivo,INDIRETO,ENERGIA,3931.66,False
2024-09-29,2024,9,2024-09,CC500,Administrativo,Administrativo,DIRETO,ENERGIA,5545.37,True
2024-12-22,2024,12,2024-12,CC300,Manutenção,Produtivo,INDIRETO,FRETE,6437.85,False
2024-03-30,2024,3,2024-03,CC100,Produção Linha A,Produtivo,DIRETO,MAO DE OBRA,12303.93,False
2024-02-06,2024,2,2024-02,CC200,Produção Linha B,Produtivo,DIRETO,MATERIA PRIMA,7733.63,False
2024-11-17,2024,11,2024-11,CC500,Administrativo,Administrativo,INDIRETO,MAO DE OBRA,16367.1,False
2024-12-01,2024,12,2024-12,CC400,Logística,Produtivo,DIRETO,SERVICOS TERCEIROS,9418.69,False
2023-07-07,2023,7,2023-07,CC300,Manutenção,Produtivo,DIRETO,FRETE,5235.25,False
2024-04-17,2024,4,2024-04,CC200,Produção Linha B,Produtivo,DIRETO,MATERIA PRIMA,9559.15,False
2023-11-30,2023,11,2023-11,CC500,Administrativo,Administrativo,DIRETO,MANUTENCAO,16369.3,False
2023-09-07,2023,9,2023-09,CC500,Administrativo,Administrativo,INDIRETO,MANUTENCAO,11851.67,False
2024-03-17,2024,3,2024-03,CC400,Logística,Produtivo,DIRETO,MAO DE OBRA,4243.94,False
2024-12-29,2024,12,2024-12,CC500,Administrativo,Administrativo,DIRETO,SERVICOS TERCEIROS,13425.14,False
2023-11-12,2023,11,2023-11,CC400,Logística,Produtivo,INDIRETO,FRETE,2043.31,False
2023-08-11,2023,8,2023-08,CC200,Produção Linha B,Produtivo,INDIRETO,MANUTENCAO,12935.28,False
2024-08-14,2024,8,2024-08,CC400,Logística,Produtivo,DIRETO,MANUTENCAO,10671.99,False
2024-03-21,2024,3,2024-03,CC300,Manutenção,Produtivo,INDIRETO,FRETE,15907.5,False
2023-02-24,2023,2,2023-02,CC100,Produção Linha A,Produtivo,DIRETO,MAO DE OBRA,1341.97,False
2024-02-08,2024,2,2024-02,CC300,Manutenção,Produtivo,INDIRETO,MATERIA PRIMA,4781.3,False
2024-05-01,2024,5,2024-05,CC200,Produção Linha B,Produtivo,INDIRETO,MANUTENCAO,10947.86,False
2023-05-09,2023,5,2023-05,CC200,Produção Linha B,Produtivo,INDIRETO,ENERGIA,5840.57,False
2023-05-20,2023,5,2023-05,CC100,Produção Linha A,Produtivo,DIRETO,SERVICOS TERCEIROS,17709.28,False
2024-07-19,2024,7,2024-07,CC400,Logística,Produtivo,INDIRETO,FRETE,3677.97,False
2023-08-31,2023,8,2023-08,CC500,Administrativo,Administrativo,DIRETO,MANUTENCAO,12131.01,False
2023-04-26,2023,4,2023-04,CC500,Administrativo,Administrativo,DIRETO,MATERIA PRIMA,11406.18,False
2024-09-16,2024,9,2024-09,CC100,Produção Linha A,Produtivo,INDIRETO,MANUTENCAO,10387.3,False
2023-01-12,2023,1,2023-01,CC400,Logística,Produtivo,INDIRETO,FRETE,1150.21,False
2023-10-29,2023,10,2023-10,CC999,,,INDIRETO,MANUTENCAO,7123.0,False
2024-08-09,2024,8,2024-08,CC100,Produção Linha A,Produtivo,INDIRETO,MATERIA PRIMA,12623.07,False
2023-10-12,2023,10,2023-10,CC300,Manutenção,Produtivo,INDIRETO,MANUTENCAO,1741.95,False
2024-08-28,2024,8,2024-08,CC200,Produção Linha B,Produtivo,INDIRETO,MATERIA PRIMA,14854.44,False
2023-07-05,2023,7,2023-07,CC500,Administrativo,Administrativo,DIRETO,MAO DE OBRA,15672.3,False
2024-05-22,2024,5,2024-05,CC400,Logística,Produtivo,DIRETO,FRETE,18685.44,False
2023-02-25,2023,2,2023-02,CC300,Manutenção,Produtivo,DIRETO,ENERGIA,11597.37,False
2024-06-29,2024,6,2024-06,CC200,Produção Linha B,Produtivo,INDIRETO,MANUTENCAO,9577.02,False
2023-10-23,2023,10,2023-10,CC400,Logística,Produtivo,INDIRETO,ENERGIA,10655.8,False
2024-03-18,2024,3,2024-03,CC500,Administrativo,Administrativo,DIRETO,FRETE,12784.74,False
2024-08-21,2024,8,2024-08,CC400,Logística,Produtivo,INDIRETO,MAO DE OBRA,16066.1,False
2024-07-14,2024,7,2024-07,CC100,Produção Linha A,Produtivo,INDIRETO,SERVICOS TERCEIROS,13836.54,False
2024-04-01,2024,4,2024-04,CC300,Manutenção,Produtivo,DIRETO,MANUTENCAO,2044.21,False
2024-08-31,2024,8,2024-08,CC200,Produção Linha B,Produtivo,DIRETO,MATERIA PRIMA,571.64,False
2024-10-25,2024,10,2024-10,CC500,Administrativo,Administrativo,DIRETO,FRETE,2685.15,False
2024-10-16,2024,10,2024-10,CC400,Logística,Produtivo,INDIRETO,MAO DE OBRA,9392.42,False
2023-03-05,2023,3,2023-03,CC400,Logística,Produtivo,INDIRETO,ENERGIA,15636.55,False
2023-07-25,2023,7,2023-07,CC500,Administrativo,Administrativo,INDIRETO,MAO DE OBRA,3640.8,False
2024-09-20,2024,9,2024-09,CC100,Produção Linha A,Produtivo,DIRETO,ENERGIA,10858.58,False
2024-04-01,2024,4,2024-04,CC100,Produção Linha A,Produtivo,DIRETO,MATERIA PRIMA,1501.21,False
2023-12-04,2023,12,2023-12,CC400,Logística,Produtivo,DIRETO,SERVICOS TERCEIROS,7870.63,False
2023-03-13,2023,3,2023-03,CC500,Administrativo,Administrativo,INDIRETO,MANUTENCAO,8137.86,False
2024-01-03,2024,1,2024-01,CC300,Manutenção,Produtivo,INDIRETO,MATERIA PRIMA,11388.15,False
2024-01-10,2024,1,2024-01,CC500,Administrativo,Administrativo,DIRETO,SERVICOS TERCEIROS,19940.61,False
2024-01-29,2024,1,2024-01,CC200,Produção Linha B,Produtivo,INDIRETO,SERVICOS TERCEIROS,4142.1,False
2023-07-14,2023,7,2023-07,CC200,Produção Linha B,Produtivo,INDIRETO,MANUTENCAO,1788.76,False
2024-10-20,2024,10,2024-10,CC300,Manutenção,Produtivo,DIRETO,MANUTENCAO,7836.47,False
2023-02-13,2023,2,2023-02,CC400,Logística,Produtivo,DIRETO,MATERIA PRIMA,6851.77,False
2023-02-07,2023,2,2023-02,CC200,Produção Linha B,Produtivo,DIRETO,SERVICOS TERCEIROS,11628.98,False
2023-06-26,2023,6,2023-06,CC100,Produção Linha A,Produtivo,DIRETO,ENERGIA,14055.81,False
2023-04-27,2023,4,2023-04,CC400,Logística,Produtivo,DIRETO,FRETE,1372.76,False
2024-11-25,2024,11,2024-11,CC400,Logística,Produtivo,DIRETO,MANUTENCAO,6813.13,False
2023-12-10,2023,12,2023-12,CC100,Produção Linha A,Produtivo,INDIRETO,ENERGIA,15308.13,False
2024-03-25,2024,3,2024-03,CC200,Produção Linha B,Produtivo,INDIRETO,ENERGIA,13956.29,False
2023-01-17,2023,1,2023-01,CC400,Logística,Produtivo,DIRETO,SERVICOS TERCEIROS,12287.59,False
2023-10-18,2023,10,2023-10,CC400,Logística,Produtivo,DIRETO,MATERIA PRIMA,14164.15,False
2024-02-26,2024,2,2024-02,CC999,,,DIRETO,ENERGIA,12832.53,False
2023-11-05,2023,11,2023-11,CC300,Manutenção,Produtivo,INDIRETO,FRETE,19010.93,False
2024-09-25,2024,9,2024-09,CC300,Manutenção,Produtivo,DIRETO,MATERIA PRIMA,19733.41,False
2023-07-18,2023,7,2023-07,CC999,,,INDIRETO,SERVICOS TERCEIROS,13220.61,False
2024-10-22,2024,10,2024-10,CC300,Manutenção,Produtivo,DIRETO,ENERGIA,13435.84,False
2024-04-09,2024,4,2024-04,CC100,Produção Linha A,Produtivo,INDIRETO,MAO DE OBRA,12374.71,False
2023-08-29,2023,8,2023-08,CC400,Logística,Produtivo,DIRETO,MATERIA PRIMA,9752.72,False
2023-04-23,2023,4,2023-04,CC999,,,DIRETO,SERVICOS TERCEIROS,13569.37,False
2024-04-27,2024,4,2024-04,CC500,Administrativo,Administrativo,INDIRETO,ENERGIA,7573.09,False
2024-02-01,2024,2,2024-02,CC300,Manutenção,Produtivo,DIRETO,ENERGIA,18564.95,False
2024-12-09,2024,12,2024-12,CC500,Administrativo,Administrativo,INDIRETO,MAO DE OBRA,4124.0,False
2023-12-18,2023,12,2023-12,CC200,Produção Linha B,Produtivo,DIRETO,MANUTENCAO,9225.72,False
2023-08-10,2023,8,2023-08,CC500,Administrativo,Administrativo,DIRETO,MATERIA PRIMA,8292.75,False
2023-09-11,2023,9,2023-09,CC300,Manutenção,Produtivo,DIRETO,SERVICOS TERCEIROS,8619.4,False
2024-04-26,2024,4,2024-04,CC500,Administrativo,Administrativo,DIRETO,MANUTENCAO,19605.66,False
2023-09-04,2023,9,2023-09,CC100,Produção Linha A,Produtivo,INDIRETO,SERVICOS TERCEIROS,16443.7,False
2023-04-03,2023,4,2023-04,CC100,Produção Linha A,Produtivo,DIRETO,ENERGIA,7232.27,False
2024-04-10,2024,4,2024-04,CC400,Logística,Produtivo,INDIRETO,FRETE,14971.01,True
2024-10-04,2024,10,2024-10,CC100,Produção Linha A,Produtivo,INDIRETO,SERVICOS TERCEIROS,9339.49,False
2024-09-19,2024,9,2024-09,CC500,Administrativo,Administrativo,INDIRETO,MANUTENCAO,15082.47,False
2024-11-21,2024,11,2024-11,CC300,Manutenção,Produtivo,INDIRETO,SERVICOS TERCEIROS,18651.64,False
2023-06-29,2023,6,2023-06,CC500,Administrativo,Administrativo,INDIRETO,MANUTENCAO,12420.76,False
2024-05-04,2024,5,2024-05,CC500,Administrativo,Administrativo,DIRETO,MAO DE OBRA,4848.79,False
2024-03-09,2024,3,2024-03,CC300,Manutenção,Produtivo,INDIRETO,MAO DE OBRA,17968.87,False
2023-05-06,2023,5,2023-05,CC400,Logística,Produtivo,INDIRETO,MANUTENCAO,9775.92,False
2024-12-10,2024,12,2024-12,CC100,Produção Linha A,Produtivo,INDIRETO,FRETE,7426.1,False
2023-03-20,2023,3,2023-03,CC100,Produção Linha A,Produtivo,DIRETO,MANUTENCAO,17969.12,False
2024-10-04,2024,10,2024-10,CC100,Produção Linha A,Produtivo,DIRETO,MANUTENCAO,3094.91,False
2023-01-22,2023,1,2023-01,CC300,Manutenção,Produtivo,INDIRETO,MAO DE OBRA,8460.59,False
2023-12-18,2023,12,2023-12,CC300,Manutenção,Produtivo,DIRETO,FRETE,12928.97,False
2023-11-10,2023,11,2023-11,CC200,Produção Linha B,Produtivo,INDIRETO,MAO DE OBRA,11388.31,False
2023-12-28,2023,12,2023-12,CC300,Manutenção,Produtivo,INDIRETO,MAO DE OBRA,15418.02,False
2024-12-10,2024,12,2024-12,CC200,Produção Linha B,Produtivo,INDIRETO,ENERGIA,19466.8,False
2024-01-14,2024,1,2024-01,CC200,Produção Linha B,Produtivo,DIRETO,MAO DE OBRA,11533.05,False
2023-06-16,2023,6,2023-06,CC500,Administrativo,Administrativo,INDIRETO,ENERGIA,7521.01,False
2023-11-24,2023,11,2023-11,CC200,Produção Linha B,Produtivo,INDIRETO,MANUTENCAO,15393.51,False
2024-08-10,2024,8,2024-08,CC200,Produção Linha B,Produtivo,INDIRETO,MANUTENCAO,17929.95,False
2024-11-25,2024,11,2024-11,CC500,Administrativo,Administrativo,DIRETO,SERVICOS TERCEIROS,9631.73,False
2023-04-05,2023,4,2023-04,CC300,Manutenção,Produtivo,INDIRETO,FRETE,16833.45,False
2024-04-01,2024,4,2024-04,CC100,Produção Linha A,Produtivo,INDIRETO,ENERGIA,548.72,False
2023-02-27,2023,2,2023-02,CC300,Manutenção,Produtivo,INDIRETO,MAO DE OBRA,12103.12,False
2023-12-26,2023,12,2023-12,CC300,Manutenção,Produtivo,INDIRETO,MANUTENCAO,7519.34,False
2023-10-23,2023,10,2023-10,CC200,Produção Linha B,Produtivo,INDIRETO,SERVICOS TERCEIROS,19852.68,False
2023-11-07,2023,11,2023-11,CC400,Logística,Produtivo,DIRETO,FRETE,11998.92,False
2023-10-07,2023,10,2023-10,CC999,,,INDIRETO,MATERIA PRIMA,231.72,False
2024-05-17,2024,5,2024-05,CC100,Produção Linha A,Produtivo,DIRETO,ENERGIA,16662.45,False
2023-09-26,2023,9,2023-09,CC300,Manutenção,Produtivo,INDIRETO,ENERGIA,634.12,True
2024-10-22,2024,10,2024-10,CC200,Produção Linha B,Produtivo,INDIRETO,MANUTENCAO,3669.51,False
2024-05-07,2024,5,2024-05,CC500,Administrativo,Administrativo,INDIRETO,MATERIA PRIMA,12017.94,False
2023-09-23,2023,9,2023-09,CC200,Produção Linha B,Produtivo,DIRETO,MAO DE OBRA,10299.26,False
2023-06-17,2023,6,2023-06,CC100,Produção Linha A,Produtivo,INDIRETO,MANUTENCAO,17578.51,False
2023-03-20,2023,3,2023-03,CC500,Administrativo,Administrativo,INDIRETO,MATERIA PRIMA,5868.14,False
2024-12-02,2024,12,2024-12,CC999,,,DIRETO,FRETE,6519.88,False
2024-01-17,2024,1,2024-01,CC400,Logística,Produtivo,INDIRETO,ENERGIA,356.66,False
2023-07-12,2023,7,2023-07,CC500,Administrativo,Administrativo,DIRETO,ENERGIA,3175.64,False
2023-05-15,2023,5,2023-05,CC100,Produção Linha A,Produtivo,INDIRETO,MANUTENCAO,18329.02,False
2024-09-03,2024,9,2024-09,CC500,Administrativo,Administrativo,INDIRETO,ENERGIA,16359.07,False
2024-12-11,2024,12,2024-12,CC200,Produção Linha B,Produtivo,DIRETO,SERVICOS TERCEIROS,16310.02,False
2024-12-08,2024,12,2024-12,CC100,Produção Linha A,Produtivo,DIRETO,ENERGIA,2691.34,False
2024-11-06,2024,11,2024-11,CC500,Administrativo,Administrativo,INDIRETO,MATERIA PRIMA,4007.38,False
2023-01-11,2023,1,2023-01,CC100,Produção Linha A,Produtivo,DIRETO,MAO DE OBRA,961.3,False
2023-10-12,2023,10,2023-10,CC500,Administrativo,Administrativo,DIRETO,SERVICOS TERCEIROS,7095.52,False
2024-08-15,2024,8,2024-08,CC100,Produção Linha A,Produtivo,DIRETO,FRETE,11447.68,False
2023-04-12,2023,4,2023-04,CC200,Produção Linha B,Produtivo,INDIRETO,ENERGIA,18043.04,False
2023-12-30,2023,12,2023-12,CC400,Logística,Produtivo,DIRETO,MANUTENCAO,13503.16,False
2024-04-22,2024,4,2024-04,CC100,Produção Linha A,Produtivo,INDIRETO,MATERIA PRIMA,15252.05,False
2023-03-26,2023,3,2023-03,CC300,Manutenção,Produtivo,INDIRETO,SERVICOS TERCEIROS,5836.6,False
2024-03-30,2024,3,2024-03,CC200,Produção Linha B,Produtivo,INDIRETO,MANUTENCAO,12047.75,False
2024-05-02,2024,5,2024-05,CC300,Manutenção,Produtivo,INDIRETO,ENERGIA,17149.8,False
2023-03-29,2023,3,2023-03,CC100,Produção Linha A,Produtivo,DIRETO,MANUTENCAO,8817.36,False
2023-03-08,2023,3,2023-03,CC300,Manutenção,Produtivo,DIRETO,SERVICOS TERCEIROS,18513.28,False
2024-05-26,2024,5,2024-05,CC300,Manutenção,Produtivo,INDIRETO,MATERIA PRIMA,4734.11,False
2024-05-11,2024,5,2024-05,CC500,Administrativo,Administrativo,INDIRETO,MANUTENCAO,13366.87,False
2024-10-05,2024,10,2024-10,CC200,Produção Linha B,Produtivo,DIRETO,MATERIA PRIMA,5088.73,False
2024-01-27,2024,1,2024-01,CC500,Administrativo,Administrativo,DIRETO,MANUTENCAO,13594.34,False
2024-11-07,2024,11,2024-11,CC500,Administrativo,Administrativo,INDIRETO,FRETE,12502.33,False
2024-07-09,2024,7,2024-07,CC300,Manutenção,Produtivo,INDIRETO,SERVICOS TERCEIROS,10008.19,False
2024-04-05,2024,4,2024-04,CC300,Manutenção,Produtivo,DIRETO,MANUTENCAO,17614.5,False
2023-11-07,2023,11,2023-11,CC200,Produção Linha B,Produtivo,DIRETO,MATERIA PRIMA,3619.7,False
2024-08-05,2024,8,2024-08,CC400,Logística,Produtivo,INDIRETO,SERVICOS TERCEIROS,7842.7,False
2024-02-05,2024,2,2024-02,CC300,Manutenção,Produtivo,INDIRETO,FRETE,17101.59,False
2023-05-12,2023,5,2023-05,CC300,Manutenção,Produtivo,INDIRETO,MAO DE OBRA,1322.34,False
2024-02-26,2024,2,2024-02,CC300,Manutenção,Produtivo,INDIRETO,MATERIA PRIMA,8620.15,False
2024-12-05,2024,12,2024-12,CC100,Produção Linha A,Produtivo,DIRETO,SERVICOS TERCEIROS,6310.78,False
2024-11-04,2024,11,2024-11,CC999,,,DIRETO,MATERIA PRIMA,10814.49,False
2023-11-21,2023,11,2023-11,CC400,Logística,Produtivo,INDIRETO,MATERIA PRIMA,13949.57,False
2023-12-11,2023,12,2023-12,CC400,Logística,Produtivo,DIRETO,MANUTENCAO,2091.13,False
2024-10-12,2024,10,2024-10,CC100,Produção Linha A,Produtivo,INDIRETO,MAO DE OBRA,19391.61,False
2023-08-20,2023,8,2023-08,CC500,Administrativo,Administrativo,INDIRETO,MATERIA PRIMA,6016.67,False
2024-05-01,2024,5,2024-05,CC400,Logística,Produtivo,INDIRETO,MAO DE OBRA,1438.67,False
2024-07-06,2024,7,2024-07,CC300,Manutenção,Produtivo,INDIRETO,FRETE,16102.12,False
2024-07-14,2024,7,2024-07,CC200,Produção Linha B,Produtivo,INDIRETO,FRETE,10355.85,False
2024-04-23,2024,4,2024-04,CC300,Manutenção,Produtivo,INDIRETO,ENERGIA,13250.04,False
2023-09-04,2023,9,2023-09,CC200,Produção Linha B,Produtivo,DIRETO,FRETE,4092.9,False
2024-10-11,2024,10,2024-10,CC200,Produção Linha B,Produtivo,INDIRETO,MAO DE OBRA,17217.7,False
2023-09-02,2023,9,2023-09,CC999,,,DIRETO,MAO DE OBRA,13768.41,False
2024-03-22,2024,3,2024-03,CC999,,,DIRETO,MAO DE OBRA,9336.78,False
2023-10-12,2023,10,2023-10,CC500,Administrativo,Administrativo,DIRETO,MAO DE OBRA,2814.97,False
2024-09-08,2024,9,2024-09,CC300,Manutenção,Produtivo,DIRETO,MATERIA PRIMA,17205.72,False
2023-05-24,2023,5,2023-05,CC200,Produção Linha B,Produtivo,DIRETO,MANUTENCAO,18868.93,False
2023-05-06,2023,5,2023-05,CC300,Manutenção,Produtivo,INDIRETO,MANUTENCAO,17702.84,False
2023-10-09,2023,10,2023-10,CC400,Logística,Produtivo,INDIRETO,ENERGIA,2971.13,False
2023-11-21,2023,11,2023-11,CC500,Administrativo,Administrativo,INDIRETO,FRETE,7556.63,False
2023-11-12,2023,11,2023-11,CC100,Produção Linha A,Produtivo,INDIRETO,ENERGIA,7323.66,False
2024-12-18,2024,12,2024-12,CC300,Manutenção,Produtivo,DIRETO,MAO DE OBRA,11099.29,False
2023-09-19,2023,9,2023-09,CC300,Manutenção,Produtivo,INDIRETO,MANUTENCAO,256.54,False
2024-10-21,2024,10,2024-10,CC400,Logística,Produtivo,DIRETO,ENERGIA,18326.23,False
2023-12-07,2023,12,2023-12,CC400,Logística,Produtivo,INDIRETO,MANUTENCAO,14765.15,False
2024-07-14,2024,7,2024-07,CC300,Manutenção,Produtivo,DIRETO,MAO DE OBRA,8475.32,False
2023-01-04,2023,1,2023-01,CC999,,,DIRETO,SERVICOS TERCEIROS,8923.76,False
2024-10-26,2024,10,2024-10,CC200,Produção Linha B,Produtivo,DIRETO,MATERIA PRIMA,3240.67,False
2023-06-27,2023,6,2023-06,CC999,,,INDIRETO,MANUTENCAO,17482.77,False
2024-01-22,2024,1,2024-01,CC500,Administrativo,Administrativo,DIRETO,MANUTENCAO,7415.23,False
2024-12-19,2024,12,2024-12,CC200,Produção Linha B,Produtivo,DIRETO,MATERIA PRIMA,19485.14,False
2024-08-03,2024,8,2024-08,CC100,Produção Linha A,Produtivo,INDIRETO,ENERGIA,1872.32,False
2023-07-28,2023,7,2023-07,CC200,Produção Linha B,Produtivo,INDIRETO,SERVICOS TERCEIROS,9933.57,False
2023-08-09,2023,8,2023-08,CC300,Manutenção,Produtivo,INDIRETO,ENERGIA,8683.04,False
2023-09-26,2023,9,2023-09,CC200,Produção Linha B,Produtivo,DIRETO,MANUTENCAO,15870.02,True
2023-01-11,2023,1,2023-01,CC400,Logística,Produtivo,INDIRETO,FRETE,13716.92,False
2024-09-03,2024,9,2024-09,CC300,Manutenção,Produtivo,DIRETO,SERVICOS TERCEIROS,7731.56,False
2023-12-29,2023,12,2023-12,CC500,Administrativo,Administrativo,DIRETO,MAO DE OBRA,18628.19,False
2024-02-09,2024,2,2024-02,CC300,Manutenção,Produtivo,INDIRETO,FRETE,12431.19,False
2024-04-24,2024,4,2024-04,CC200,Produção Linha B,Produtivo,INDIRETO,ENERGIA,10124.56,False
2023-05-11,2023,5,2023-05,CC400,Logística,Produtivo,DIRETO,MAO DE OBRA,2425.16,False
2023-09-28,2023,9,2023-09,CC500,Administrativo,Administrativo,INDIRETO,MAO DE OBRA,12297.34,False
2023-06-04,2023,6,2023-06,CC500,Administrativo,Administrativo,INDIRETO,SERVICOS TERCEIROS,19891.84,False
2024-04-26,2024,4,2024-04,CC300,Manutenção,Produtivo,DIRETO,ENERGIA,1185.89,False
2024-12-27,2024,12,2024-12,CC500,Administrativo,Administrativo,DIRETO,MANUTENCAO,911.75,False
2023-04-06,2023,4,2023-04,CC200,Produção Linha B,Produtivo,DIRETO,SERVICOS TERCEIROS,17350.9,False
2024-08-20,2024,8,2024-08,CC100,Produção Linha A,Produtivo,INDIRETO,FRETE,17828.8,False
2023-12-03,2023,12,2023-12,CC100,Produção Linha A,Produtivo,DIRETO,ENERGIA,15388.24,False
2023-11-28,2023,11,2023-11,CC200,Produção Linha B,Produtivo,INDIRETO,FRETE,18590.05,False
2024-11-04,2024,11,2024-11,CC999,,,INDIRETO,MANUTENCAO,12604.3,False
2024-08-05,2024,8,2024-08,CC200,Produção Linha B,Produtivo,INDIRETO,SERVICOS TERCEIROS,19996.44,False
2024-09-08,2024,9,2024-09,CC400,Logística,Produtivo,INDIRETO,MATERIA PRIMA,14901.62,False
2023-04-02,2023,4,2023-04,CC100,Produção Linha A,Produtivo,DIRETO,ENERGIA,19304.48,False
2023-06-07,2023,6,2023-06,CC100,Produção Linha A,Produtivo,INDIRETO,MAO DE OBRA,12978.64,False
2023-04-09,2023,4,2023-04,CC300,Manutenção,Produtivo,INDIRETO,SERVICOS TERCEIROS,12109.92,False
2024-03-09,2024,3,2024-03,CC100,Produção Linha A,Produtivo,INDIRETO,MANUTENCAO,9581.15,False
2023-12-16,2023,12,2023-12,CC400,Logística,Produtivo,INDIRETO,SERVICOS TERCEIROS,8577.74,False
2023-10-25,2023,10,2023-10,CC400,Logística,Produtivo,INDIRETO,FRETE,12628.24,False
2023-11-04,2023,11,2023-11,CC999,,,INDIRETO,ENERGIA,19685.31,False
2023-04-21,2023,4,2023-04,CC500,Administrativo,Administrativo,DIRETO,FRETE,1623.0,False
2023-12-30,2023,12,2023-12,CC300,Manutenção,Produtivo,INDIRETO,SERVICOS TERCEIROS,14434.17,False
2023-07-06,2023,7,2023-07,CC400,Logística,Produtivo,DIRETO,SERVICOS TERCEIROS,13265.41,False
2024-11-17,2024,11,2024-11,CC400,Logística,Produtivo,INDIRETO,MAO DE OBRA,11785.45,False
2024-09-10,2024,9,2024-09,CC300,Manutenção,Produtivo,DIRETO,ENERGIA,3783.24,False
2024-11-02,2024,11,2024-11,CC400,Logística,Produtivo,DIRETO,MATERIA PRIMA,7959.18,True
2024-12-08,2024,12,2024-12,CC400,Logística,Produtivo,INDIRETO,FRETE,16281.34,False
2024-12-13,2024,12,2024-12,CC200,Produção Linha B,Produtivo,DIRETO,MATERIA PRIMA,3896.96,False
2024-07-05,2024,7,2024-07,CC200,Produção Linha B,Produtivo,DIRETO,SERVICOS TERCEIROS,4911.43,False
2023-06-06,2023,6,2023-06,CC400,Logística,Produtivo,DIRETO,MANUTENCAO,8495.4,False
2024-02-06,2024,2,2024-02,CC100,Produção Linha A,Produtivo,INDIRETO,FRETE,4928.33,False
2024-09-02,2024,9,2024-09,CC500,Administrativo,Administrativo,INDIRETO,MANUTENCAO,16987.46,False
2024-11-25,2024,11,2024-11,CC400,Logística,Produtivo,INDIRETO,MANUTENCAO,10315.78,False
2024-10-25,2024,10,2024-10,CC400,Logística,Produtivo,INDIRETO,FRETE,6385.42,False
2023-10-22,2023,10,2023-10,CC200,Produção Linha B,Produtivo,INDIRETO,MANUTENCAO,13980.54,True
2023-12-14,2023,12,2023-12,CC500,Administrativo,Administrativo,DIRETO,FRETE,4472.08,False
2024-11-20,2024,11,2024-11,CC300,Manutenção,Produtivo,INDIRETO,SERVICOS TERCEIROS,14256.57,False
2023-05-13,2023,5,2023-05,CC200,Produção Linha B,Produtivo,INDIRETO,SERVICOS TERCEIROS,15010.16,False
2023-08-29,2023,8,2023-08,CC200,Produção Linha B,Produtivo,DIRETO,MANUTENCAO,18866.79,False
2024-05-30,2024,5,2024-05,CC100,Produção Linha A,Produtivo,INDIRETO,MAO DE OBRA,7205.17,False
2024-05-13,2024,5,2024-05,CC300,Manutenção,Produtivo,DIRETO,FRETE,4611.14,False
2024-09-10,2024,9,2024-09,CC100,Produção Linha A,Produtivo,INDIRETO,ENERGIA,17082.82,False
2024-09-16,2024,9,2024-09,CC100,Produção Linha A,Produtivo,INDIRETO,MATERIA PRIMA,19495.73,False
2024-01-06,2024,1,2024-01,CC200,Produção Linha B,Produtivo,DIRETO,SERVICOS TERCEIROS,2449.38,False
2024-01-08,2024,1,2024-01,CC999,,,INDIRETO,SERVICOS TERCEIROS,17422.8,False
2024-04-30,2024,4,2024-04,CC300,Manutenção,Produtivo,INDIRETO,MANUTENCAO,15407.46,True
2024-01-05,2024,1,2024-01,CC200,Produção Linha B,Produtivo,DIRETO,MAO DE OBRA,7511.48,False
2024-02-24,2024,2,2024-02,CC400,Logística,Produtivo,DIRETO,ENERGIA,16055.2,False
2024-06-13,2024,6,2024-06,CC999,,,INDIRETO,ENERGIA,15426.02,False
2023-02-07,2023,2,2023-02,CC200,Produção Linha B,Produtivo,INDIRETO,ENERGIA,8738.04,False
2023-11-08,2023,11,2023-11,CC300,Manutenção,Produtivo,INDIRETO,MANUTENCAO,17727.08,False
2024-07-11,2024,7,2024-07,CC500,Administrativo,Administrativo,DIRETO,SERVICOS TERCEIROS,8138.37,False
2024-07-04,2024,7,2024-07,CC300,Manutenção,Produtivo,INDIRETO,ENERGIA,17631.4,False
2023-12-15,2023,12,2023-12,CC200,Produção Linha B,Produtivo,DIRETO,MATERIA PRIMA,10282.26,False
2023-04-24,2023,4,2023-04,CC100,Produção Linha A,Produtivo,DIRETO,MAO DE OBRA,14557.53,False
2024-04-04,2024,4,2024-04,CC300,Manutenção,Produtivo,DIRETO,MATERIA PRIMA,15155.54,False
2024-08-02,2024,8,2024-08,CC500,Administrativo,Administrativo,INDIRETO,ENERGIA,16127.21,False
2024-08-09,2024,8,2024-08,CC200,Produção Linha B,Produtivo,INDIRETO,MAO DE OBRA,13371.76,False
2024-01-05,2024,1,2024-01,CC400,Logística,Produtivo,DIRETO,MAO DE OBRA,10377.39,False
2023-05-14,2023,5,2023-05,CC400,Logística,Produtivo,INDIRETO,MATERIA PRIMA,1935.75,False
2024-06-15,2024,6,2024-06,CC400,Logística,Produtivo,INDIRETO,SERVICOS TERCEIROS,10572.49,False
2024-03-02,2024,3,2024-03,CC200,Produção Linha B,Produtivo,INDIRETO,SERVICOS TERCEIROS,18627.61,False
2024-06-09,2024,6,2024-06,CC500,Administrativo,Administrativo,INDIRETO,SERVICOS TERCEIROS,9208.48,False
2024-01-14,2024,1,2024-01,CC100,Produção Linha A,Produtivo,INDIRETO,MATERIA PRIMA,14955.28,False
2023-06-06,2023,6,2023-06,CC100,Produção Linha A,Produtivo,DIRETO,MAO DE OBRA,11478.12,False
2023-05-26,2023,5,2023-05,CC500,Administrativo,Administrativo,INDIRETO,MAO DE OBRA,9769.92,False
2023-01-03,2023,1,2023-01,CC100,Produção Linha A,Produtivo,INDIRETO,ENERGIA,3743.23,False
2024-04-08,2024,4,2024-04,CC300,Manutenção,Produtivo,DIRETO,MANUTENCAO,9675.41,False
2024-11-14,2024,11,2024-11,CC400,Logística,Produtivo,DIRETO,FRETE,12765.56,False
2024-07-07,2024,7,2024-07,CC100,Produção Linha A,Produtivo,INDIRETO,MANUTENCAO,4733.16,False
2024-12-25,2024,12,2024-12,CC300,Manutenção,Produtivo,DIRETO,ENERGIA,14173.45,False
2024-08-06,2024,8,2024-08,CC500,Administrativo,Administrativo,DIRETO,FRETE,10882.5,False
2023-01-20,2023,1,2023-01,CC300,Manutenção,Produtivo,DIRETO,SERVICOS TERCEIROS,18730.02,False
2023-02-16,2023,2,2023-02,CC999,,,DIRETO,FRETE,12176.41,False
2024-01-27,2024,1,2024-01,CC300,Manutenção,Produtivo,DIRETO,MANUTENCAO,578.73,False
2023-04-02,2023,4,2023-04,CC200,Produção Linha B,Produtivo,DIRETO,MAO DE OBRA,2966.28,False
2024-12-31,2024,12,2024-12,CC100,Produção Linha A,Produtivo,DIRETO,FRETE,19226.35,False
2024-01-20,2024,1,2024-01,CC100,Produção Linha A,Produtivo,INDIRETO,ENERGIA,8315.17,False
2023-04-28,2023,4,2023-04,CC300,Manutenção,Produtivo,DIRETO,MANUTENCAO,10221.56,False
2023-08-28,2023,8,2023-08,CC100,Produção Linha A,Produtivo,INDIRETO,MATERIA PRIMA,9735.01,False
2024-10-13,2024,10,2024-10,CC500,Administrativo,Administrativo,DIRETO,MAO DE OBRA,11408.09,False
2024-07-22,2024,7,2024-07,CC400,Logística,Produtivo,DIRETO,ENERGIA,10796.96,False
2024-05-08,2024,5,2024-05,CC300,Manutenção,Produtivo,INDIRETO,SERVICOS TERCEIROS,19444.43,True
2023-10-16,2023,10,2023-10,CC100,Produção Linha A,Produtivo,INDIRETO,SERVICOS TERCEIROS,4333.81,False
2023-05-24,2023,5,2023-05,CC500,Administrativo,Administrativo,INDIRETO,MATERIA PRIMA,7966.57,False
2024-12-25,2024,12,2024-12,CC400,Logística,Produtivo,INDIRETO,SERVICOS TERCEIROS,18913.63,False
2023-01-17,2023,1,2023-01,CC200,Produção Linha B,Produtivo,INDIRETO,ENERGIA,9250.01,False
2024-12-14,2024,12,2024-12,CC400,Logística,Produtivo,DIRETO,MATERIA PRIMA,13486.86,False
2024-11-18,2024,11,2024-11,CC400,Logística,Produtivo,DIRETO,FRETE,715.86,False
2024-12-14,2024,12,2024-12,CC100,Produção Linha A,Produtivo,INDIRETO,FRETE,7223.52,False
2023-10-15,2023,10,2023-10,CC300,Manutenção,Produtivo,DIRETO,MANUTENCAO,286.33,False
2023-02-07,2023,2,2023-02,CC300,Manutenção,Produtivo,DIRETO,ENERGIA,19604.37,False
2024-08-05,2024,8,2024-08,CC500,Administrativo,Administrativo,DIRETO,SERVICOS TERCEIROS,7982.11,False
2023-05-11,2023,5,2023-05,CC999,,,DIRETO,MATERIA PRIMA,11804.48,False
2024-11-25,2024,11,2024-11,CC500,Administrativo,Administrativo,DIRETO,SERVICOS TERCEIROS,560.04,False
2023-02-23,2023,2,2023-02,CC300,Manutenção,Produtivo,DIRETO,MANUTENCAO,12855.23,False
2024-06-13,2024,6,2024-06,CC100,Produção Linha A,Produtivo,DIRETO,SERVICOS TERCEIROS,10414.08,False
2024-02-06,2024,2,2024-02,CC200,Produção Linha B,Produtivo,INDIRETO,MANUTENCAO,10694.96,False
2023-09-13,2023,9,2023-09,CC999,,,DIRETO,SERVICOS TERCEIROS,8534.02,False
2024-03-18,2024,3,2024-03,CC100,Produção Linha A,Produtivo,DIRETO,SERVICOS TERCEIROS,12543.36,True
2023-02-25,2023,2,2023-02,CC300,Manutenção,Produtivo,DIRETO,MATERIA PRIMA,9524.17,False
2023-03-29,2023,3,2023-03,CC100,Produção Linha A,Produtivo,INDIRETO,MATERIA PRIMA,12544.44,False
2023-02-26,2023,2,2023-02,CC300,Manutenção,Produtivo,DIRETO,ENERGIA,1333.84,False
2024-01-26,2024,1,2024-01,CC400,Logística,Produtivo,DIRETO,SERVICOS TERCEIROS,1210.22,False
2024-09-27,2024,9,2024-09,CC500,Administrativo,Administrativo,DIRETO,MANUTENCAO,7740.01,False
2023-04-16,2023,4,2023-04,CC100,Produção Linha A,Produtivo,INDIRETO,FRETE,6631.05,False
2024-05-07,2024,5,2024-05,CC500,Administrativo,Administrativo,DIRETO,SERVICOS TERCEIROS,10227.07,False
2024-03-22,2024,3,2024-03,CC500,Administrativo,Administrativo,DIRETO,MATERIA PRIMA,1303.77,False
2023-10-26,2023,10,2023-10,CC300,Manutenção,Produtivo,DIRETO,ENERGIA,9443.52,False
2023-02-25,2023,2,2023-02,CC400,Logística,Produtivo,DIRETO,ENERGIA,10191.45,False
2024-12-12,2024,12,2024-12,CC400,Logística,Produtivo,DIRETO,MATERIA PRIMA,6896.88,False
2023-02-13,2023,2,2023-02,CC400,Logística,Produtivo,INDIRETO,MANUTENCAO,6639.52,False
2023-12-06,2023,12,2023-12,CC999,,,DIRETO,MANUTENCAO,12516.01,False
2024-07-22,2024,7,2024-07,CC100,Produção Linha A,Produtivo,DIRETO,MAO DE OBRA,296.85,False
2023-02-14,2023,2,2023-02,CC100,Produção Linha A,Produtivo,DIRETO,SERVICOS TERCEIROS,11755.16,False
2023-12-14,2023,12,2023-12,CC500,Administrativo,Administrativo,DIRETO,ENERGIA,17719.11,False
2023-01-22,2023,1,2023-01,CC200,Produção Linha B,Produtivo,DIRETO,ENERGIA,16873.34,False
2024-01-17,2024,1,2024-01,CC200,Produção Linha B,Produtivo,DIRETO,MAO DE OBRA,9178.45,False
2023-07-14,2023,7,2023-07,CC200,Produção Linha B,Produtivo,DIRETO,ENERGIA,17666.19,False
2023-02-17,2023,2,2023-02,CC500,Administrativo,Administrativo,INDIRETO,FRETE,8647.85,False
2023-10-14,2023,10,2023-10,CC200,Produção Linha B,Produtivo,DIRETO,MAO DE OBRA,5018.72,False
2023-06-21,2023,6,2023-06,CC500,Administrativo,Administrativo,DIRETO,MANUTENCAO,15840.84,False
2024-01-18,2024,1,2024-01,CC500,Administrativo,Administrativo,INDIRETO,FRETE,9338.92,False
2024-08-20,2024,8,2024-08,CC100,Produção Linha A,Produtivo,INDIRETO,MAO DE OBRA,11665.62,False
2024-01-22,2024,1,2024-01,CC500,Administrativo,Administrativo,INDIRETO,ENERGIA,7978.41,False
2024-06-15,2024,6,2024-06,CC300,Manutenção,Produtivo,DIRETO,ENERGIA,15057.29,False
2024-01-12,2024,1,2024-01,CC400,Logística,Produtivo,INDIRETO,MANUTENCAO,9077.91,False
2023-03-19,2023,3,2023-03,CC300,Manutenção,Produtivo,DIRETO,ENERGIA,8889.6,False
2023-02-09,2023,2,2023-02,CC500,Administrativo,Administrativo,INDIRETO,ENERGIA,2058.34,False
2024-11-30,2024,11,2024-11,CC300,Manutenção,Produtivo,INDIRETO,MAO DE OBRA,6124.04,False
2024-02-18,2024,2,2024-02,CC400,Logística,Produtivo,DIRETO,MAO DE OBRA,5708.72,False
2023-08-03,2023,8,2023-08,CC400,Logística,Produtivo,DIRETO,MANUTENCAO,4628.81,False
2023-07-12,2023,7,2023-07,CC400,Logística,Produtivo,INDIRETO,MAO DE OBRA,15859.11,False
2023-05-23,2023,5,2023-05,CC500,Administrativo,Administrativo,INDIRETO,MANUTENCAO,17073.59,False
2024-03-05,2024,3,2024-03,CC400,Logística,Produtivo,INDIRETO,SERVICOS TERCEIROS,16702.55,False
2023-05-23,2023,5,2023-05,CC200,Produção Linha B,Produtivo,INDIRETO,FRETE,562.47,False
2024-05-01,2024,5,2024-05,CC100,Produção Linha A,Produtivo,DIRETO,MANUTENCAO,1367.81,False
2023-02-02,2023,2,2023-02,CC500,Administrativo,Administrativo,DIRETO,ENERGIA,2175.83,False
2023-07-30,2023,7,2023-07,CC200,Produção Linha B,Produtivo,DIRETO,MATERIA PRIMA,18235.77,False
2023-12-01,2023,12,2023-12,CC400,Logística,Produtivo,INDIRETO,MATERIA PRIMA,7436.18,True
2024-02-03,2024,2,2024-02,CC200,Produção Linha B,Produtivo,DIRETO,FRETE,8426.42,False
2024-08-11,2024,8,2024-08,CC300,Manutenção,Produtivo,INDIRETO,SERVICOS TERCEIROS,13329.37,False
2023-03-07,2023,3,2023-03,CC400,Logística,Produtivo,INDIRETO,ENERGIA,248.12,False
2023-04-04,2023,4,2023-04,CC300,Manutenção,Produtivo,INDIRETO,MANUTENCAO,9307.64,False
2023-06-29,2023,6,2023-06,CC400,Logística,Produtivo,INDIRETO,MANUTENCAO,12299.25,False
2024-08-05,2024,8,2024-08,CC100,Produção Linha A,Produtivo,INDIRETO,MANUTENCAO,18225.58,False
2024-11-13,2024,11,2024-11,CC100,Produção Linha A,Produtivo,DIRETO,MAO DE OBRA,17662.86,False
2023-04-18,2023,4,2023-04,CC500,Administrativo,Administrativo,INDIRETO,FRETE,2512.49,False
2023-01-28,2023,1,2023-01,CC999,,,DIRETO,MAO DE OBRA,4226.7,False
2023-02-08,2023,2,2023-02,CC100,Produção Linha A,Produtivo,INDIRETO,SERVICOS TERCEIROS,8046.9,False
2023-03-11,2023,3,2023-03,CC100,Produção Linha A,Produtivo,INDIRETO,SERVICOS TERCEIROS,14998.65,False
2023-06-24,2023,6,2023-06,CC100,Produção Linha A,Produtivo,DIRETO,MANUTENCAO,16426.49,False
